province_id,circuito_key,n_voters,area_km2,density
1,1,10284,0.7351858000333447,13988.300643910105
1,10,10999,0.5729278938815542,19197.878332441443
1,100,13963,1.200502381237468,11630.964018252971
1,101,16908,2.310754458375248,7317.090718452387
1,102,13048,1.4572244603912532,8954.008359492344
1,103,12418,1.3823253869818262,8983.413107324537
1,104,12189,1.0868273057320919,11215.213250268343
1,105,18483,1.632702378364123,11320.495544643562
1,106,11291,1.1492837331779908,9824.379893360372
1,107,19061,1.5084706511628798,12635.976699517407
1,108,11671,1.028447961338669,11348.167762235204
1,109,18706,1.4578310737212448,12831.390644082825
1,11,11912,0.5714733314804814,20844.367258819064
1,110,9642,0.8509416826855607,11330.976253942545
1,111,11241,0.9915855327752257,11336.38967940462
1,112,8230,0.5614372853494104,14658.805559873104
1,113,12554,1.1088657131781505,11321.47910319874
1,114,16836,1.1220936737295737,15004.094929116856
1,115,11916,0.9482415847438199,12566.417874638208
1,116,17204,1.2920085315879117,13315.701544831009
1,117,18078,1.366244734318027,13231.889972497343
1,118,14414,0.8805470122812995,16369.370174406207
1,119,17712,1.274061022414241,13902.002877724974
1,12,10491,0.5479018809565892,19147.588947283086
1,120,18976,1.6771382365519953,11314.511580758237
1,121,15129,1.6777942329278388,9017.196330207371
1,122,13571,1.6407571622464117,8271.181325467762
1,123,14307,1.6377339410970606,8735.851191077008
1,124,16177,1.8004017714811742,8985.216664551119
1,125,21641,1.6218738782127746,13343.207687546777
1,126,17663,1.442482810846531,12244.859950625232
1,127,24579,1.2336119555101257,19924.417796223483
1,128,20242,1.4316272169993596,14139.15561232939
1,129,26438,1.538538290896428,17183.84271385012
1,13,11662,0.5300785754314356,22000.5118873333
1,130,17929,1.3267251248814855,13513.726139468092
1,131,5617,2.0497018856226448,2740.3985132665794
1,132,20271,2.0764612776982143,9762.281732732661
1,133,20343,1.612137625751449,12618.64972013027
1,134,8786,1.654203674590705,5311.316940565916
1,135,12185,1.4885240015949923,8185.9613865436195
1,136,14610,0.729079899095087,20038.955974692915
1,137,13838,0.6394191333875172,21641.516929105623
1,138,28643,0.9204267167214101,31119.26183762603
1,139,18043,0.5448210573130517,33117.29559239957
1,14,5423,0.6710505009183914,8081.358992472474
1,140,8655,0.4832807393852612,17908.84530388954
1,141,14819,4.220478237093268,3511.213461488231
1,142,24964,0.8147496296081791,30640.0875714487
1,143,17644,0.47313092428182324,37292.00332187597
1,144,8016,0.7632022065047798,10503.114288296803
1,145,15007,0.9214431578140759,16286.408849788253
1,146,11254,0.7933872700585703,14184.749900473187
1,147,20067,0.6570334912024857,30541.822096882606
1,148,22430,1.04529451898665,21458.067169188384
1,149,25678,5.526172371679997,4646.615826099123
1,15,8030,0.5308202901093184,15127.530257643848
1,150,12937,2.785759778008339,4643.975443298713
1,151,26447,1.6553950392332395,15976.246982261076
1,152,19739,0.5904430693998594,33430.82681970202
1,153,22825,0.5576145885441632,40933.29060775148
1,154,25935,0.7917769594571545,32755.436603991533
1,155,24089,1.468262186932584,16406.470325525082
1,156,9514,1.0419931814164274,9130.577982350325
1,157,15906,0.8850637097859778,17971.587609039263
1,158,19602,0.7697695258248546,25464.764896993383
1,159,12119,0.7159067610625074,16928.18207501446
1,16,8169,0.3087720936425176,26456.406418183953
1,160,22572,1.0718127750288495,21059.64822017767
1,161,19562,1.1861511020879745,16491.996648289693
1,162,16232,2.310167112310322,7026.3315209984585
1,163,12251,1.2087048802722373,10135.64204129026
1,164,11892,2.022125219432879,5880.941440083125
1,165,19693,1.9208867616862633,10252.0358788419
1,166,16269,1.4349295485530176,11337.838862127868
1,167,12649,2.1992409466116056,5751.529871926244
1,17,11446,0.5487041869992255,20860.055875637332
1,18,7122,0.5687739272755914,12521.671016310731
1,19,11725,0.7517796902881376,15596.324497016023
1,2,9353,0.5422460560054756,17248.627069600214
1,20,7566,2.5390455577111686,2979.859883577826
1,21,13021,0.6597024228243897,19737.687098757466
1,22,15124,0.3947391416606101,38313.91013410916
1,23,19028,0.4597257568198161,41389.89325207157
1,24,12287,0.308406057255048,39840.332934313294
1,25,12338,0.27124503949166395,45486.54612494463
1,26,16100,0.5094260506244779,31604.19452492443
1,27,11814,0.44807653531615715,26366.031400560154
1,28,17148,0.4646482841892724,36905.33374059515
1,29,11314,0.3149519346813732,35922.94173854182
1,3,3344,4.4013506011752215,759.7667859286433
1,30,11018,0.3860729199861429,28538.65016068846
1,31,12242,0.4305803709155707,28431.393595507034
1,32,10581,0.44920074060587034,23555.170424983316
1,33,9509,0.5454976711075356,17431.788445024293
1,34,13408,0.5148796630958934,26041.036306191872
1,35,12018,0.5127563417219722,23438.03288642001
1,36,8127,0.42668826856464137,19046.69192649433
1,37,10357,0.37569804089268466,27567.3516300246
1,38,12021,0.44373540506826087,27090.468469945015
1,39,12436,0.4122335978939623,30167.361572500642
1,4,2582,0.8054526846401818,3205.6507467641645
1,40,9451,0.5137047029693417,18397.72917275403
1,41,17669,0.9698761130513807,18217.790666490986
1,42,15244,0.6335798191806717,24060.109773876837
1,43,11740,1.0855993321759076,10814.30289429994
1,44,8949,0.5555854942794102,16107.331980664434
1,45,7041,1.0783240874857472,6529.576851442693
1,46,6301,1.1572082192536104,5445.001076871103
1,47,20022,2.5839490878916305,7748.604681811638
1,48,13923,2.1466595422537034,6485.891090760822
1,49,11766,2.1366641487024616,5506.714757742893
1,5,13236,3.380662272738625,3915.209190439987
1,50,13629,0.6089142891006081,22382.460461111208
1,51,9787,0.7704726937357149,12702.591642212185
1,52,11693,1.2476344785481575,9372.135990989016
1,53,13929,0.8002520612300354,17405.765851562184
1,54,14995,3.1567120264426753,4750.1957335329025
1,55,9647,1.5376572641664161,6273.829822037594
1,56,9161,1.866803741992854,4907.318211297579
1,57,18390,1.7407895124326664,10564.172100451648
1,58,13806,1.0890341618642079,12677.288264646262
1,59,12525,0.8616173981904508,14536.6145417963
1,6,15005,0.5246337842519948,28600.903049721863
1,60,15322,0.7503049465111988,20421.030237432013
1,61,14625,0.5908318593400403,24753.235237409397
1,62,9912,0.49821959749397066,19894.841651868086
1,63,19171,0.711275620655795,26952.98340511709
1,64,20845,0.6907882554647672,30175.6722629503
1,65,13239,0.4973231515391478,26620.518186268
1,66,12830,0.4944250892310676,25949.330403020773
1,67,19694,0.714049502240464,27580.72085787664
1,68,19405,1.008580527906105,19239.911403293056
1,69,28219,0.9923769489906374,28435.76730465374
1,7,7677,0.2839647053025308,27035.04997855654
1,70,25787,1.049272147889757,24576.08357551614
1,71,30464,0.9697294582040399,31414.947480733434
1,72,13253,0.8324686312746823,15920.119392014694
1,73,17416,1.439933080453952,12095.00652246245
1,74,24032,0.804142794132736,29885.23950639686
1,75,10242,0.8925253963476555,11475.30371898857
1,76,16378,0.956187246823703,17128.44430252027
1,77,13175,1.2336329240318298,10679.83817823272
1,78,10657,0.8871701475736432,12012.35189117471
1,79,13116,1.0214096538042874,12841.07698722922
1,8,8217,0.5038518063743351,16308.366658698065
1,80,13327,0.7280816959683329,18304.264581566465
1,81,12498,0.5626033835349559,22214.583782757272
1,82,14361,0.6651534274514957,21590.507403718115
1,83,20106,0.7411191548881911,27129.240780496748
1,84,10875,0.987815493009735,11009.14095492206
1,85,7684,0.5680770655916821,13526.333776556725
1,86,31708,3.6257588698581467,8745.203731995707
1,87,34114,8.965269112665492,3805.1283872567947
1,88,15897,4.371651217099992,3636.383419111267
1,89,48825,4.682916142238026,10426.195668894874
1,9,11145,1.2272347125650485,9081.392406759574
1,90,48613,4.93918213747551,9842.317745513801
1,91,10814,1.155355967819414,9359.885871719722
1,92,13361,1.281958058453112,10422.33785411216
1,93,8226,1.465965192990251,5611.320131838017
1,94,10632,0.9944208901294742,10691.649889430326
1,95,17191,1.6136829745876966,10653.269738061394
1,96,11788,1.7373759326506022,6784.944915183561
1,97,11548,1.8690299570037598,6178.606157020933
1,98,21651,2.438871826745783,8877.46529463551
1,99,10981,1.0175584570011855,10791.517602204161
2,1,9540,254.8315517211622,37.4364945610766
2,10,8009,335.68166941005757,23.858913756224418
2,100,270,958.7345693948495,0.28162122095005215
2,1000,43033,6.272155473495643,6860.9587536286845
2,1000A,7509,1.902856221457864,3946.1730819825243
2,1001,29470,3.3507861134415893,8794.951095738961
2,1001A,10154,1.8453365197471263,5502.519400305068
2,1007,6125,1957.7003218813159,3.128670885702252
2,1008,1964,2565.2363876827435,0.7656214489356052
2,1009,213,2702.815451617551,0.0788067124126163
2,101,491,280.43758492972233,1.750835217480013
2,1010,4956,3044.9456537215224,1.6276152561024508
2,1011,8420,321.75289846617875,26.16915042611519
2,1011A,3395,106.56836552735825,31.857484002871704
2,1013,17939,4.572560285870497,3923.1850163753234
2,1013A,151,616.7175920421676,0.24484464518027807
2,1014,29596,35.526561653706416,833.0668272512746
2,1015,6994,1.1700983541129164,5977.275308025147
2,1016,4838,12.617846811375259,383.42516534900705
2,1017,23008,45.02324347055823,511.0249334889762
2,1018,9370,1.8436904187831558,5082.198130738372
2,1019,518,125.67383636882289,4.121780753790255
2,102,108,1107.8478944553096,0.09748630704678087
2,1020,53,48.88779324787761,1.0841152050220821
2,1021,11019,301.860847360545,36.50357473103764
2,103,119,536.500034101048,0.2218080008128886
2,103A,283,680.907284602768,0.4156219303265324
2,104,264,281.2952109975527,0.9385158000514158
2,105,22888,400.1262606598112,57.201944111984844
2,106,540,47.27134354968879,11.423411298483288
2,107,5930,43.31974361344434,136.88908348385556
2,108,78,79.35721601479084,0.9828973837169657
2,109,23,96.62747707186031,0.23802753313009783
2,11,587,71.05583646847893,8.261108857122512
2,110,481,311.86497440684474,1.5423341493056206
2,111,236,290.6642593381192,0.8119333300124448
2,113,1332,128.73515790699258,10.346823833177968
2,114,36,127.60583531681739,0.28211875977787276
2,117,24885,331.0480003077392,75.17036797342722
2,117A,70,339.9019170840066,0.2059417628488972
2,117B,96,230.89135241611848,0.41577997181542886
2,118,680,97.43571055376783,6.9789607540733885
2,12,254,343.02099054209754,0.7404794662816054
2,120,473,241.1570291776171,1.9613776202709223
2,121,13638,325.1090417930582,41.949002478623775
2,122,326,223.4780946351287,1.4587559489097048
2,125,27004,433.3554812266465,62.313738189172255
2,125A,37,322.84387668078847,0.11460647908333634
2,126,37,491.75872806718905,0.07524014905729276
2,127,227,708.0097054397472,0.3206170738281187
2,128,48,50.8449037793745,0.9440474154161238
2,129,44,570.1095268825501,0.07717815248694233
2,13,196,196.80501986425173,0.9959095562460398
2,131,35,285.9278110834189,0.1224085193650114
2,131A,43,210.18487930890035,0.20458179551919436
2,132,2494,505.3801665269758,4.93489884484194
2,133,1351,1019.0751771565101,1.3257118123214895
2,136,32565,136.60889277681318,238.38126009266142
2,137,1050,83.0036733596355,12.650042552340974
2,138,121,242.3660474429395,0.49924484587094303
2,139,16,182.93510902226365,0.08746270787229127
2,14,616,70.28513748953655,8.76429956605982
2,140,586,243.714061055798,2.404457081636484
2,141,218,235.0428001356543,0.927490652230921
2,142,64,276.64101907437964,0.23134674754358286
2,143,2211,204.34420319588418,10.819979061899481
2,144,388,379.187283390022,1.0232410658163171
2,145,352,206.02130732459364,1.7085611414231632
2,148,22766,272.6235807103904,83.50708306551242
2,149,385,209.92880307706983,1.8339551045725602
2,15,119,102.30766076075331,1.163158253400806
2,150,2389,139.5258021868569,17.122281058815084
2,151,1377,143.17527523195872,9.617582349809476
2,152,314,185.7653439389242,1.69030451720444
2,153,302,105.39363231005659,2.8654482569833903
2,153A,266,59.57062580245236,4.4652879907977985
2,155,20480,628.33734641034,32.59395628319918
2,155A,17477,3.852421307865639,4536.627384008215
2,156,18134,119.49983204974609,151.74916724946587
2,156A,20070,101.04119903370862,198.6318471270753
2,156B,12556,136.76792895430577,91.8051482975586
2,157,34122,276.4221366369945,123.44163320324085
2,158,4109,155.04668160781014,26.501695859532784
2,158A,8916,25.887599314306616,344.412005599632
2,158B,5679,42.76823061396056,132.78547927924424
2,159,1474,117.99199224743005,12.492373185029468
2,160,170,239.9701126544183,0.7084215534991123
2,162,214,205.56970930761696,1.0410094012429032
2,164,18030,842.0662399021039,21.41161721683096
2,164A,33,135.25500062687885,0.24398358542790913
2,165,576,208.09438636247776,2.767974716034246
2,165A,80,155.54203130870147,0.5143304309895853
2,165B,462,95.50269438270617,4.8375598509151585
2,166,182,241.20136119162964,0.7545562724059615
2,166A,121,329.5484199555781,0.36716910982704865
2,167,499,325.4697694549874,1.5331685054362996
2,167A,235,191.1104377489066,1.229655495367335
2,169,5406,978.9881117066309,5.522028240543122
2,17,25681,6.043849595707224,4249.113018669507
2,170,505,866.7888881784969,0.5826101452006683
2,171,399,245.5963371508949,1.62461706322132
2,172,608,333.20804904131836,1.8246858134108488
2,173,3171,1198.2143082994328,2.6464381021291974
2,175,13220,341.13962946343327,38.75246045378334
2,176,543,415.46199285930504,1.3069787593877096
2,177,179,308.2102975935647,0.5807722889130926
2,179,12555,224.34618489419253,55.962618690936345
2,18,32730,5.245069849276569,6240.1456873857105
2,180,600,969.24941674758,0.6190357091091828
2,181,152,1259.299740664248,0.12070200214591002
2,182,55,743.739134256843,0.07395066020689761
2,183,2010,614.2157546842108,3.272465716926147
2,185,7790,871.046793590274,8.943262356653927
2,186,35,525.1148593803595,0.0666520845388004
2,187,146,743.0636755002481,0.19648383417707685
2,189,39619,158.91683064351665,249.3065073067913
2,18A,40669,4.975934767543064,8173.137691690616
2,19,53650,7.9900404921745105,6714.609275452997
2,190,1224,225.2385411010774,5.434238714282567
2,191,44,201.55031181446736,0.21830777439085888
2,192,26,79.92402617663286,0.3253089370465366
2,193,67,218.67976441350712,0.30638408715910265
2,194,50,231.00565364390852,0.21644491903680502
2,195,36,180.68384182075417,0.1992430514938546
2,196,49,361.6450878741481,0.13549195507682915
2,196A,61,297.9182389524137,0.20475416414415465
2,197,1799,280.0644302050879,6.423521897024243
2,198,584,65.68090922346687,8.891472528387974
2,2,13,1041.4637280330696,0.0124824318409553
2,20,58210,20.086556169016493,2897.958192046325
2,201,32319,212.47275301459942,152.10891533833185
2,202,323,109.86981988636273,2.9398428097367932
2,203,2563,79.8297953085829,32.10580698713678
2,204,96,384.5048698919347,0.2496717402486498
2,205,42,217.0909159792612,0.19346733054464738
2,206,68,1181.8996860441173,0.0575344936655324
2,207L,5029,1072.0011902830695,4.6912261344337285
2,208,29,134.51636384006406,0.21558715365277145
2,209,482,551.4971555224032,0.8739845621568577
2,20A,31860,5.895652083637207,5403.98238363221
2,21,50961,15.578026055335696,3271.338731812246
2,211,57119,171.65047340496292,332.7634283026016
2,212,119,101.54121709676649,1.1719378928321855
2,213,14,79.39669753560796,0.17632975217541333
2,214,15,115.20847563958365,0.13019875418650412
2,215,98,171.61847519386617,0.5710340911099216
2,216,112,181.30015092212855,0.6177601035098194
2,218,383,124.87257056482231,3.067126737822553
2,219,70,85.53076751300225,0.8184189390017892
2,21A,20889,33.22415628729185,628.7292841801972
2,22,52697,16.423493070562696,3208.635323410802
2,220,153,152.1307316541266,1.0057139562560555
2,221,151,135.2164585901695,1.11672796029712
2,222,2330,139.9404179333927,16.64994312871788
2,224,251,82.0872496076194,3.0577221334591043
2,226,36,102.97440542542121,0.34960143592256865
2,22A,42481,6.235254173795005,6813.034210944524
2,22B,21056,2.9007281952447355,7258.866940555766
2,22C,29860,5.189456145763207,5753.9748215000145
2,23,14330,2.1486426621974846,6669.326757825918
2,230,21793,399.53436672966365,54.54599607634195
2,230A,76,321.84427113033877,0.2361390486556833
2,231,232,242.67467691841722,0.9560123987637744
2,231A,255,29.383143136784504,8.678445284526681
2,232,10810,119.97110007056857,90.10503357593134
2,232A,16,482.34327503527857,0.0331713964475399
2,233,43,646.2032367524034,0.06654253268074499
2,234,136,1060.2258119834642,0.12827456044064048
2,235,26,1026.3336191971205,0.025332893236352582
2,236,117,392.61122412726615,0.2980047253108436
2,236A,23,408.2500415865844,0.056338022430114085
2,237,878,477.7885214691254,1.8376330961243827
2,237A,67,296.9528222476931,0.22562506560087253
2,238,1798,908.0440066291405,1.9800802459724085
2,239,9446,225.07013433589236,41.96914009880532
2,24,10909,1.399453320057203,7795.186765896623
2,240,19470,216.732265749242,89.83433976797289
2,243,922,1226.6194741837946,0.751659352721029
2,246,61,1271.6742747919543,0.047968258231833455
2,248,16813,3.7711178049300287,4458.359794016554
2,248A,574,272.963509504023,2.102845178987341
2,248B,105,593.9337630372858,0.17678739033633342
2,248C,14023,32.159707755555445,436.04251962076955
2,248D,6084,27.47317285995835,221.45239761757986
2,248E,10834,5.2375619968574325,2068.519667452235
2,248F,1339,33.124152702214225,40.423675498588466
2,249,244,211.37627785782428,1.154339562001934
2,249A,1750,103.82839320246299,16.854734490473525
2,249B,290,5.586408241317738,51.91170918285663
2,25,11870,1.534862046094824,7733.594058307094
2,252,23255,685.9312056268711,33.9028167974182
2,253,1655,38.328842454668965,43.17897160493035
2,254,4773,1369.0078339528034,3.4864665355629727
2,255,41,822.3491683819647,0.04985716721848295
2,255A,25,480.8735239711031,0.0519887220938001
2,256,19,1494.7008542735337,0.012711573654137323
2,256A,232,162.4420800701581,1.4282013619857619
2,258,201,136.3356940115448,1.4743021001013827
2,258A,2284,46.15070711482977,49.49003260810438
2,258B,2511,15.69383373097376,159.99914635543928
2,258C,148,383.0117331686779,0.38641113883271294
2,259,9026,1.3983466584137398,6454.7656660752045
2,26,7076,1.9657651552630877,3599.6161500039334
2,260,33362,4.134442230975784,8069.2867710298415
2,261,33720,4.866038184917682,6929.662020432837
2,262,60052,6.196868501053956,9690.701035496626
2,263,20562,4.501104763878439,4568.211823241916
2,264,7389,1.0327427409504908,7154.734385447717
2,265,25277,3.178743881828314,7951.883177659932
2,27,21865,6.89350231423194,3171.827469305224
2,271,12244,1.8172715514892415,6737.5731436317965
2,272,16644,2.6256090113846446,6339.100729709408
2,273,57152,8.493789241632454,6728.681201538236
2,274,43380,5.28906668187817,8201.825125145819
2,275,26710,3.2882814195682193,8122.784090513537
2,276,29727,3.8149464007092697,7792.245782135548
2,282,25491,766.2088173791908,33.26899850512253
2,283,85,415.09213963200824,0.2047738125693131
2,285,167,185.20877555410829,0.9016851361409242
2,286,5351,7.649125485208347,699.5570945133016
2,286A,32806,18.41672477859039,1781.3156462074774
2,287,25219,5.779032927813407,4363.878924902064
2,287A,19416,5.1513787700406475,3769.088018322286
2,287B,7232,25.41230934565272,284.5864931687988
2,287C,18888,15.646153632888588,1207.1976565727293
2,287D,25169,16.031302660532504,1569.9909441522561
2,288,26478,6.084038858654592,4352.043209312321
2,288A,17433,4.184161620817464,4166.42605612211
2,288B,31257,9.274510235592658,3370.2049171335702
2,289,52027,84.03669075661801,619.0986286058961
2,290,34286,12.904753185418077,2656.850503637837
2,290A,37586,67.921238903324,553.376242937768
2,290B,26391,73.35815366815403,359.7555101970452
2,291,15313,3.3762283841221525,4535.534406385103
2,291A,20817,5.0164375214206,4149.75765393463
2,292,10181,2.9177544570358944,3489.327203476448
2,293,12282,105.39961576805506,116.52793902994928
2,294,4001,39.19480303506523,102.07985983296169
2,295,6254,109.81754592346837,56.949005256030766
2,296,420,129.87557995838517,3.2338642886875015
2,297,571,92.84110331584137,6.1502931310228295
2,298,331,157.12661755756406,2.1065813364100237
2,3,3058,871.8162408098452,3.507619905267388
2,30,6167,1.5245049523868046,4045.2476001109635
2,302,110373,18.596896773598573,5935.02245797767
2,302A,46500,10.3162143459043,4507.467413999713
2,302B,25972,6.672956146384733,3892.1280809062537
2,302C,34466,9.38517489008781,3672.387611700385
2,302D,19308,4.092570155541889,4717.817719961227
2,302E,51450,12.422204423587015,4141.776954041092
2,302F,6510,16.02768009882786,406.1723193786536
2,303,5069,72.55274616989519,69.86641123314661
2,303A,10129,19.121207964042043,529.7259471811542
2,303B,31701,21.771462458851794,1456.0804107631766
2,304,20693,4.77707874806052,4331.726791902122
2,304A,32034,34.35913098845736,932.3285856898283
2,304B,17949,70.08190604597455,256.1146095002788
2,304C,4504,11.944837850015093,377.06665059453354
2,305,31204,181.23541295338515,172.17385659625947
2,306,6517,217.70283206394754,29.935301889346626
2,307,1475,544.4044667573779,2.709382619113146
2,308,827,412.4834767708016,2.004928794904254
2,309,64,285.799004388144,0.2239336002482413
2,31,1354,0.6102223207799323,2218.8634435224144
2,310,8798,1722.7518187757198,5.1069457040262085
2,311,75,736.9904712916695,0.10176522346150958
2,312,101,755.6080569678929,0.13366718243488987
2,313,19,170.8463758417858,0.11121102163498722
2,314,5318,88.83549699348816,59.86345751394649
2,314A,23,283.3696835003155,0.08116605741268153
2,315,166,268.66948755686616,0.6178595176903544
2,316,4456,340.99362853963953,13.067692845416326
2,316A,311,37.701362157458064,8.24903881990052
2,317,2157,134.60516671230033,16.02464491285305
2,318,2855,327.11388309474444,8.727847234698642
2,32,4269,0.7538179271771479,5663.1712328549875
2,320,16592,148.5080301873698,111.7245981854731
2,322,112,617.3760259743154,0.1814129400688123
2,323,14,294.9470942015544,0.047466139776352535
2,324,280,559.9255430397433,0.5000664882690049
2,326,1817,805.8354557179017,2.2548027480142
2,327,1139,597.4650004277125,1.906387820516037
2,328,24,924.5018517651398,0.025959926369186932
2,33,12039,2.028236927688679,5935.697075449318
2,330,8619,1182.9407417391042,7.286079256454342
2,332,256,219.5928512629552,1.1657938704636994
2,334,619,887.2772703128254,0.6976398705466224
2,335,304,851.6545823455568,0.3569522272313128
2,336,49,400.80475554933435,0.12225403846030135
2,337,13667,43.73332412132866,312.5076877779485
2,337A,6545,9.369418605803613,698.5492137095775
2,337B,17050,17.522783314096955,973.0189373672957
2,337C,11858,17.524567945794324,676.6500627392512
2,337D,12608,23.936873558983955,526.7187449911554
2,337E,21255,132.48960431166077,160.4276811786756
2,338,3015,1039.9896506365865,2.89906731105881
2,338A,1773,1497.8725729896994,1.1836787934911954
2,338B,616,225.30263308457143,2.734100314614491
2,339,13589,39.365517750300256,345.2005911924365
2,339A,12748,5.848016497666553,2179.88441125066
2,339B,4831,6.069910469931174,795.893122959815
2,339C,751,20.794774326386857,36.11484251824954
2,34,21291,3.0778821858588676,6917.41876860009
2,340,19937,491.55838046910577,40.558763296790204
2,341,26,1152.2347396191815,0.022564846472684127
2,342,61,615.5541185944969,0.0990977042591838
2,343,76,747.4631195912008,0.10167725738972323
2,344,33970,154.65324324089724,219.6526842122947
2,345,9534,59.22193356418967,160.98765146980983
2,346,63,109.56257412621423,0.5750138722318177
2,347,119,131.53239750990969,0.904720070893823
2,348,868,178.78757209632317,4.854923582341385
2,349,53,185.532044596298,0.28566493791044834
2,350,37,212.8991365351967,0.1737912168276132
2,351,1144,232.6967827636229,4.916269088095186
2,352,118,102.81468724697467,1.147695948503429
2,354,7023,559.8864964147418,12.543613830610479
2,357,1374,775.5364040826615,1.771676987394586
2,358,58,357.49580059333226,0.16223966800096104
2,359,1125,672.6671973312855,1.6724466488975271
2,360,710,80.66089345889162,8.802282860427868
2,361,7294,1584.2009459378705,4.6042138901020815
2,361A,142,248.968923141913,0.5703523082640302
2,362,667,81.6753868458758,8.166474941326587
2,364,7549,5.771071746933365,1308.0759226414732
2,364A,22782,4.026368471119608,5658.200476039649
2,364B,15783,4.024452604110753,3921.7755935002315
2,364C,17182,3.8700764149404288,4439.705617612328
2,364D,39878,5.6931259506286755,7004.587698537811
2,364E,29590,6.869703191247757,4307.318551651359
2,365,22444,4.0155679145073515,5589.24677102704
2,365A,20958,4.999330121203404,4192.161648039984
2,365B,9871,5.026368451290079,1963.8432987272326
2,365C,21728,4.613872989812101,4709.275710011442
2,365D,17327,3.741899469345962,4630.535946233891
2,365E,16947,5.461382809100397,3103.060267403508
2,365F,16863,5.573406640349784,3025.618098259144
2,366,83871,11.04784110534283,7591.618959783851
2,366A,56166,7.515809083657141,7473.047728438309
2,367,69791,13.584464275810673,5137.55997903238
2,368,11258,11.515416147497254,977.6459535460905
2,368A,3029,9.53647834954363,317.62249008251075
2,368B,6590,129.4674830079863,50.90081190188498
2,368C,67,197.72807594730193,0.33884919821834864
2,369,8367,516.7266266503879,16.192314404693974
2,37,21460,5.75053244895283,3731.8283464182273
2,370,22970,23.270892463311675,987.0700075733643
2,370A,7932,10.738076476761407,738.6797828424745
2,370B,1282,13.820252808797095,92.76241308581274
2,370C,1450,73.09767536297821,19.836472128556657
2,370D,1720,80.11222013079774,21.469883086397903
2,370E,7011,56.60854780281125,123.85055388493511
2,370F,21953,20.90231017967572,1050.2666839833769
2,370G,13065,133.5220796656195,97.84898522191082
2,374,99124,366.4228263455597,270.5180814977936
2,376,31848,2.7512168602550653,11575.968605051137
2,377,32961,3.28657108678641,10028.993479714773
2,377A,55948,8.876000160303901,6303.289656326958
2,378,29455,4.5348133434157445,6495.305929794608
2,379,26635,3.8908781745529053,6845.498318142687
2,38,37978,6.0204119044487685,6308.206249465465
2,380,20865,3.778042377085638,5522.701419801212
2,381,56235,10.218863884499774,5503.057936342478
2,382,22883,2.7688000446745904,8264.591025275491
2,384,16041,2.478682458469222,6471.583298292495
2,388A,32774,3.912708677034591,8376.294456156429
2,388B,35227,6.73652114260794,5229.256949435241
2,388C,17410,3.2734105070255928,5318.611876705839
2,389,12849,1.3844546228664976,9280.910900059904
2,39,55054,10.513140422101221,5236.684548059767
2,390,17733,2.0556715704655923,8626.377994799834
2,391,79047,11.926005918923927,6628.120138240913
2,392,11205,1.6573269193012266,6760.8869858484695
2,393,51139,6.605685197576476,7741.664713111383
2,394,54983,11.83099588734678,4647.368701970742
2,394A,13551,3.386479632108408,4001.5005173863115
2,395,44008,6.743360234363443,6526.123248723972
2,397,54218,8.417612042589592,6441.0191068060185
2,397A,24555,5.286447574554738,4644.896152605504
2,397B,39563,5.600591015474216,7064.075896756068
2,397C,35739,5.632851042934549,6344.744380348648
2,398,81113,24.808788230187275,3269.526880853531
2,398A,86546,13.555677826216922,6384.483395778151
2,398B,65405,12.04340575434268,5430.772767613172
2,399,75121,10.377266014445954,7238.997236403671
2,399A,39168,8.5056469086528,4604.940743561124
2,399B,32278,11.313234432326304,2853.118636679995
2,399C,1941,6.060813480292499,320.2540395462436
2,399D,32096,5.1170342478384985,6272.383268405477
2,399E,21998,3.643560862852144,6037.500354194764
2,399F,59621,14.52530692943526,4104.629271494372
2,399G,23026,3.7182406520513394,6192.713746835252
2,4,25,899.7854655134067,0.027784400791287845
2,40,71792,12.067370240958725,5949.266374236669
2,400,27465,5.217414488500375,5264.101608284179
2,401,1454,38.38887253369757,37.875558828243406
2,401A,35969,9.801396505028281,3669.7831764634047
2,402,31848,12.407373794678941,2566.860685188546
2,404,13343,105.1872402573881,126.8499864370462
2,405,178,191.58439937205824,0.9290944387090869
2,406,237,736.139012284274,0.3219500611230722
2,407,75,319.2055312259607,0.2349583345625319
2,408,1685,247.87019367412748,6.797912952031873
2,409,321,215.76651326421597,1.4877192718358516
2,410,21,341.43255244035896,0.06150555900398002
2,411,18021,955.0786543280886,18.86860303948268
2,412,69,165.22245839445827,0.41761877090139177
2,413,1059,474.133428828361,2.2335484815253643
2,414,209,48.974920654234296,4.2674903237833055
2,415,1851,912.9316292658951,2.0275340898073853
2,416,2077,570.648388981033,3.63971937905363
2,417,265,1258.3353884623698,0.21059568254201155
2,418,1122,598.5498902041658,1.8745304583002849
2,419,388,596.9085327427587,0.6500158377987385
2,420,575,491.167747607753,1.1706794731546493
2,421,201,377.2163614966117,0.5328506939691837
2,424,8907,2184.031658855668,4.0782375859271465
2,427,1701,695.0774205376525,2.447209403931222
2,428,224,900.1705461974223,0.24884173443159194
2,430,2930,121.21874377371743,24.171179380224533
2,431,4492,1195.9198678981313,3.7561045021309316
2,432,1667,773.7469236708515,2.15445121525179
2,433,140,1684.1048193606537,0.0831302175437922
2,434,838,1045.0839068635794,0.8018494921761232
2,436,14574,111.67059010846306,130.50884736835914
2,437,58,1292.3939634322624,0.04487795644446302
2,438,33,549.9572473675788,0.06000466428610142
2,439,2815,922.2035222403719,3.052471533790425
2,440,203,568.5303205501863,0.35706099158185606
2,441,182,487.7974020749127,0.37310571812362714
2,442,54,1421.226493478878,0.03799535137275609
2,444,69965,30.827175736569938,2269.588385192267
2,445,4871,107.49495248685558,45.3137555514118
2,446,3175,120.17595594910749,26.419594293425547
2,447,1950,135.56170712623978,14.384593122481794
2,448,159,183.50930216201718,0.8664410911421899
2,449,43,205.247833658226,0.2095028202421986
2,450,878,122.99109404837922,7.138728269663443
2,451,1000,121.90664601185007,8.20299821801999
2,452,412,168.11369607402025,2.4507223957445854
2,453,28,186.6803442567835,0.14998900988464697
2,454,101,169.810630708695,0.5947801947291654
2,455,44,447.699886090387,0.09828012328579587
2,456,263,256.9839535285912,1.0234102028115133
2,46,18164,107.71562588690261,168.6292016635685
2,460,1817,0.8117831428941609,2238.282496877245
2,461,1457,0.28669427630536937,5082.068671814333
2,462,1582,0.21234085035497904,7450.285695641252
2,463,982,0.2855905803628063,3438.4887581113303
2,464,2254,0.28029953068729074,8041.397695077198
2,465,1935,0.27176585321207325,7120.099810663179
2,466,2080,0.2763332506217107,7527.143386907997
2,467,1849,0.20888962731136976,8851.564454389545
2,468,1805,0.28649132182073694,6300.365360209489
2,469,2066,0.7880686543450622,2621.5990048696763
2,471,1730,0.6678672947409898,2590.3349566936395
2,472,1263,0.2339700737564845,5398.126263423447
2,473,4114,0.5453437225527142,7543.866060734441
2,474,4788,0.6432590204504417,7443.346844397465
2,475,15817,2.528340176425584,6255.882870303129
2,476,2843,0.5033831447786004,5647.785448299858
2,477,6749,1.396906187826098,4831.391011663403
2,48,17,437.7175323765274,0.03883783203222596
2,480,2645,0.2871856418360064,9210.070472500824
2,481,3123,0.38640577077742655,8082.1774315551775
2,482,2739,0.3759157427545517,7286.207222740302
2,483,2662,0.3983802829780271,6682.057606116075
2,484,2641,0.39464917282627543,6692.019600817885
2,485,2227,0.2871459965519515,7755.63659860075
2,486,2733,0.4320880990455109,6325.098992629601
2,487,2298,0.5813820632082721,3952.6503231262795
2,488,3144,0.5732588592412443,5484.433339872575
2,49,27,633.098869698707,0.042647367247471715
2,490,13057,5.461193946127163,2390.869126568824
2,491,33161,70.72928764750067,468.84396977482913
2,491A,12797,30.0033646560672,426.5188303609884
2,492,189,8.30738496252729,22.750841673106
2,493,106,2.1564603476384265,49.15462513191223
2,495,25008,4.5797379188535485,5460.574478956272
2,496,29263,6.049164730550737,4837.527378318857
2,496A,13877,48.94616492491954,283.51557310540016
2,496B,13438,7.5932676516148545,1769.7255801515373
2,496C,14923,9.721423321311997,1535.063283098138
2,496D,18313,13.771241445398823,1329.800226988152
2,496E,5888,26.136631777517575,225.27768880551736
2,496F,283,19.448701022892507,14.551100336566892
2,497,13490,2.8579447882994726,4720.175160565921
2,497A,852,83.85863487441364,10.159955516518387
2,497B,10582,11.730212690914518,902.1149299531584
2,497C,10086,2.8305612676554492,3563.2509054835696
2,497D,10731,2.8239409636296577,3800.0086185255336
2,497E,12686,34.35314587055675,369.28204618584476
2,497F,3648,21.19540857789504,172.11274727699967
2,498,1586,209.25563510493564,7.579246308968774
2,5,1117,1378.341909512673,0.8103939902653956
2,50,50,1510.4020596940388,0.033103768416555567
2,501,45536,10.77088072802797,4227.6951300283445
2,502,43208,10.81758941115107,3994.2355323136962
2,503,6908,21.441000132269913,322.1864631959528
2,503A,9636,13.829886752826425,696.7519092685761
2,504,36959,23.14087948646094,1597.1303087950328
2,504A,27419,12.185579373959548,2250.118698384921
2,505,16555,10.460285465458545,1582.6527922844105
2,505A,11852,19.16169819377612,618.5255544756272
2,505B,3894,93.64169624021905,41.58403955018843
2,508,11601,3.9838452242157514,2912.0107200659986
2,508A,13283,4.2644382673498376,3114.8299417767876
2,508B,8996,4.098325450950799,2195.042855347897
2,508C,9486,4.280437054166613,2216.1288391722173
2,508D,11709,10.078238021983816,1161.8102265950633
2,508E,8801,10.74894508829066,818.778022188182
2,508F,2268,36.071225160353364,62.875602087749606
2,508G,669,9.519677105967483,70.27549280853572
2,509,7308,34.81257241077345,209.92415940335374
2,509A,9750,35.42517396049263,275.2280062441905
2,51,28,398.5339966142404,0.07025749431133853
2,511,7254,98.12253949195394,73.92796841132336
2,512,21578,18.816592600050022,1146.7538495754347
2,513,32271,22.942853410099165,1406.5817979639228
2,513A,22151,6.406294086622867,3457.693277967682
2,516,3071,1.111986164151743,2761.72500971957
2,517,3307,0.3908775161507644,8460.450814787888
2,518,2689,0.3901287885974521,6892.595672488554
2,519,5604,1.1038750739073366,5076.661419814268
2,52,75,647.3392323981041,0.11585888240105323
2,520,8225,1.695461744868657,4851.185834710278
2,521,3561,0.5951463109946938,5983.402625899414
2,524,9665,99.25621927230685,97.37425091201916
2,525,14,1164.9297397285309,0.012017892171988403
2,527,9,812.14805654056,0.011081723249251567
2,528,261,560.9003510346244,0.46532329587343846
2,530,67417,20.9976231177724,3210.6967356194814
2,533,7252,244.7527177630216,29.629905915985162
2,534,38136,32.239035435957824,1182.9138026091498
2,534A,61039,15.453720574212868,3949.7931716103267
2,535,49219,15.600613160095783,3154.940097219731
2,535A,60732,15.650533366994141,3880.5067262486696
2,536,46188,26.44087756568191,1746.8406593262334
2,536A,8518,19.756964097198985,431.1391141925306
2,538,21934,108.69622679991086,201.79173321606032
2,539,86,559.2340467348032,0.153781767226312
2,54,33,750.1326699721793,0.04399221807153646
2,540,96,406.3232080739944,0.23626511627294916
2,541,42,603.4343044560771,0.0696016114593583
2,542,51,254.61083953032332,0.20030569041788995
2,543,235,429.2017576784649,0.5475280466489829
2,544,29,336.2826686289458,0.08623697473983885
2,545,87,668.8459565649421,0.1300747939732109
2,547,12727,447.5194842380616,28.438985224674084
2,548,1455,37.87487822157231,38.41596510193606
2,548A,311,79.25543159427134,3.9240212783407435
2,548B,67,192.34874350450045,0.34832564424020984
2,549,8986,179.95884458267687,49.93363910975569
2,55,93,549.473250261225,0.16925300723153835
2,550,81,218.99943774377655,0.369863963279978
2,551,2361,292.5584173846712,8.070183114559418
2,552,3505,698.0502513511315,5.021128483537962
2,553,307,214.5784837586252,1.4307119456829502
2,554,28128,7.391858124054811,3805.2678403641166
2,555,54,88.71016689614763,0.608723913947963
2,556,81,390.46045468833205,0.20744738430593362
2,557,82,112.8150734359353,0.7268532253942611
2,558,56,89.5710077576053,0.6252022992924867
2,559,601,610.1205132453405,0.9850512922490889
2,56,101,467.7945634288194,0.2159067417536766
2,560,90,411.3732747733076,0.2187794043003781
2,561,1555,570.2953823844359,2.726657181579238
2,562,2862,1166.1597142190353,2.454209286346897
2,563,1629,651.6461168262039,2.4998230756502147
2,564,1026,649.85294169952,1.5788187360001265
2,565,173,567.3144911527028,0.3049454979520944
2,566,1846,268.94582512077557,6.863835864234057
2,567,84,108.23100146825996,0.7761177376209903
2,567A,414,83.56516224074026,4.954217629678267
2,568,12790,103.34252282288534,123.76318722081398
2,568A,413,66.08681274532822,6.249355701137148
2,569,60,891.9560126663799,0.06726789118292756
2,57,17,900.1984625182438,0.018884724544456187
2,570,69,1094.999597248429,0.0630137218071922
2,572,1510,1244.1707857625715,1.2136597461372618
2,574,21513,4.596629194478802,4680.168682268332
2,575,8655,21.259502366434234,407.11206926767153
2,576,330,135.20861103086344,2.440672953327451
2,576A,167,200.86579571467203,0.8314008833899322
2,577,523,241.1302084643533,2.1689526307414777
2,578,1027,260.9046011342205,3.936304670501641
2,579,578,359.0449144107895,1.609826450121224
2,580,191,238.93353111999517,0.7993854989908369
2,581,359,292.18503672979995,1.2286734598664188
2,583,56737,6.5723897973945755,8632.628579408309
2,583A,40628,5.557233151703921,7310.832367640167
2,583B,30847,3.869545865790137,7971.736495673049
2,583C,23753,2.6083587188436774,9106.492841034551
2,583D,30044,4.026965254017137,7460.705048306371
2,583E,21730,6.0111624154236125,3614.941420355661
2,584,19546,3.4478956846681625,5668.965011591172
2,585,11419,1.6584752794965723,6885.239798971391
2,586,16865,2.6582839978467394,6344.318369918704
2,587,96974,14.638476403803724,6624.596530742903
2,588,12332,1.9041445313778125,6476.399137137314
2,589,22048,3.146440309779239,7007.2837331361725
2,590,36610,6.316020230648737,5796.371554091694
2,590A,43663,6.355332134272707,6870.293963794028
2,591,15030,3.3762429974732915,4451.693794329417
2,592,7016,1.8048509081934323,3887.3016979683234
2,593,21902,4.186008318380724,5232.192182664454
2,593A,11725,10.951429220782659,1070.6365136113309
2,596,73485,47.073650258931536,1561.0644085553424
2,597,1056,85.67444325704076,12.32572935235523
2,598,3921,100.79624910335775,38.900257052019434
2,599,7757,111.9731489555425,69.27553679034085
2,6,84,860.2288328382963,0.097648435850313
2,60,52784,276.7398660907491,190.73507820044605
2,600,2331,89.558635661328,26.027640805235503
2,601,1011,124.07693485432063,8.148170336308036
2,602,6061,58.16781443590809,104.1985169767429
2,603,2282,155.6156489363888,14.664334953439136
2,604,2826,441.27904189307367,6.404111076466596
2,605,923,35.088773656882594,26.304709563964924
2,606,11880,351.7771296606629,33.77138249851513
2,607,95,52.65856982840994,1.804074822190601
2,608,165,173.43519239621185,0.9513640093474126
2,609,425,195.20798475858692,2.177165040280479
2,61,80,771.3377545454935,0.10371591372075332
2,610,46,617.0779542146711,0.07454487668181607
2,611,96,321.092868242577,0.29897892321754893
2,612,277,176.8105662821122,1.566648452208616
2,613,7956,593.0428159920999,13.415557503534423
2,613A,1035,423.760140189111,2.442419429864526
2,613B,1104,100.22351156993638,11.01537935267439
2,615,9550,263.6869303505026,36.21719130070565
2,616,511,827.6050482029291,0.6174442762397246
2,617,124,629.6563853174908,0.19693280794329693
2,617A,18,887.4737483470735,0.020282290077340465
2,619,9004,711.9627020205548,12.646729912180215
2,62,2897,331.19563912729717,8.747095848343944
2,620,2947,700.9385444501023,4.204362883641917
2,621,88,628.286260537574,0.14006354352664896
2,621A,35,267.944429204252,0.13062410031790497
2,622,1957,558.1749652415873,3.506069103534549
2,622A,15843,32.20725069056418,491.9078673375109
2,622B,3158,214.6210557125032,14.7143065227967
2,624,50016,294.43177196040966,169.87297147647953
2,624A,627,129.50910833752772,4.84135832644224
2,626,50287,8.826246103645792,5697.439138846165
2,626A,37937,6.0239740926656875,6297.669846586671
2,627,16639,3.0996453793553194,5368.033424346326
2,628,49631,6.777998022703923,7322.3686158882765
2,629,31590,5.002872777160947,6314.37204324169
2,629A,54846,6.329858207927942,8664.649064540998
2,629B,41530,9.868070404604415,4208.522871971223
2,62A,98,176.37355396006555,0.555638857411634
2,62B,90,690.8226265496348,0.13027946182005026
2,63,19,942.7344092683281,0.020154138655813163
2,630,34588,4.522040380451636,7648.759650515448
2,631,28208,4.971874938267022,5673.513583958344
2,631A,43107,8.55159911370349,5040.811598724651
2,631B,9687,7.742639757877658,1251.1236868723067
2,631C,18970,2.1649598333312463,8762.287275700013
2,631D,38567,6.031819512241204,6393.924738916784
2,632,11175,4.904796740236233,2278.381876322518
2,632A,13163,3.9974983125802224,3292.809394959774
2,632B,3866,1.2167219032236634,3177.3899933560533
2,633,57604,14.465689077395139,3982.112410394269
2,634,29755,4.409080648247259,6748.572406319785
2,635,105655,17.130702995623846,6167.581098510102
2,635A,100512,32.65661965427504,3077.8445860008687
2,635B,112931,18.262955508148515,6183.610311573762
2,635C,60500,14.697617743216133,4116.313341182418
2,635D,51748,89.59733959730484,577.5617918186114
2,635E,53236,31.951441211551256,1666.1533245878697
2,635F,1241,14.536702865539675,85.37011531974571
2,638,24590,5.496630062087007,4473.65016787458
2,639,7537,5.09380953993292,1479.6391464803874
2,640,9915,17.119208012554907,579.1739894000076
2,641,2716,22.316800169835567,121.70203520803457
2,642,9922,18.491629096849252,536.5671108821119
2,643,2675,100.75733576539157,26.54893541675818
2,644,804,320.48823382082276,2.5086724414647215
2,645,185,185.17871513686353,0.99903490454218
2,646,266,264.3634480554487,1.0061905378999596
2,647,128,40.14981416932761,3.1880595875281883
2,648,190,74.40600661007291,2.553557281950383
2,65,23,723.3132630295397,0.03179811732425082
2,652,61084,13.206371601904568,4625.343117801616
2,652A,152077,31.202110591928378,4873.933112695926
2,653,67806,23.814888162941095,2847.210515374769
2,654,37027,38.11440155574664,971.4700608861406
2,655,53573,9.757801533638567,5490.273584199787
2,655A,62787,58.61344248372789,1071.2047840805592
2,656,19250,114.26678810252565,168.4653985611985
2,657,315,427.16177506054265,0.7374255338164429
2,658,148,205.79248351868696,0.7191710672297751
2,659,36,263.6222406132003,0.13655903961768157
2,66,72,370.90618665095656,0.19411916703281099
2,660,228,300.4934406190789,0.7587520031394783
2,661,749,154.02829510153103,4.862742910361247
2,662,23,393.79371404014216,0.05840621416738879
2,663,42163,11.404891191063408,3696.9226004574152
2,663A,51757,16.710577994414646,3097.259712817791
2,663B,60282,12.079492481209895,4990.441452219198
2,663C,88489,27.86134069881131,3176.0496006488065
2,663D,35619,41.07709376125191,867.1256103711861
2,664,28370,32.389076975360155,875.9125807006587
2,664A,31873,16.088855193714693,1981.0607787962176
2,664B,33753,29.259674362601157,1153.567178558285
2,665,106157,14.111892666505241,7522.52036695014
2,666,60179,12.015965403412615,5008.253434460518
2,666A,33283,15.157715518884189,2195.7794338160315
2,667,55760,11.002347787302249,5068.009217482865
2,668,56323,10.820915393627399,5205.012510602335
2,668A,43886,14.74903544544695,2975.516613430316
2,668B,57854,9.520261956558615,6076.9336247248675
2,669,35908,6.554844414624232,5478.085783376826
2,67,3278,511.34713648088757,6.410517955687272
2,670,11889,2.159185657126277,5506.242578428118
2,671,46001,14.121706322480852,3257.4675431940796
2,672,36074,6.625367291309397,5444.830213008547
2,673,43600,12.117098818211366,3598.22104730808
2,675,13873,8.929903160610394,1553.544282674139
2,676,214,193.90759959646456,1.1036184267421656
2,677,133,152.62361962131175,0.8714247528003747
2,678,162,161.7116978112622,1.001782815916473
2,679,82,179.49099847605,0.4568474224123361
2,68,19,538.6433211507159,0.035273805975000065
2,680,119,147.2227491198094,0.8082989939493535
2,681,610,274.4400062883628,2.2227080091196827
2,681A,213,126.74104128051097,1.6805921574257503
2,682,75,124.52296679698752,0.602298531179988
2,683,441,231.41419103228986,1.905673969400027
2,686,65403,1319.7200476546623,49.55823783705552
2,686A,16166,48.764506374942854,331.5116096060132
2,687,1916,1262.5699405713974,1.5175396929954483
2,688,516,342.6329808427098,1.505984621593905
2,69,11,620.5029051760959,0.017727556000528718
2,691,2649,1119.3028341101258,2.3666517400592686
2,692,536,448.0586851710765,1.1962718673678785
2,696,35531,130.42556147555436,272.4235924156598
2,697,126,344.97310220608574,0.3652458675596338
2,698,777,136.0720112680325,5.71021176771965
2,699,729,708.0149866636066,1.0296392219538764
2,7,526,601.5538331446523,0.8744022081121303
2,700,514,452.96129161069575,1.1347548002882437
2,701,492,209.28871048228825,2.3508195872879494
2,701A,22,131.121036511326,0.16778390855764536
2,703,1750,515.2007454595387,3.396734215590215
2,704,59,307.1803942376897,0.19206954970683138
2,705,48,226.35171618066988,0.21205935969881165
2,705A,574,132.6797300947492,4.3262071726411815
2,706,2301,276.0823433605363,8.33446997005209
2,707,340,212.45954916744122,1.6003046289627727
2,708,38,443.51647632375267,0.08567889137958706
2,709,266,65.19215548066691,4.080245514797923
2,711,12469,3.924885929424419,3176.907615714724
2,711A,7642,6.913392070802405,1105.3908011777248
2,711B,9927,7.7000931548464555,1289.205182375219
2,711C,15572,9.32234339429677,1670.3954511616307
2,711D,20848,9.35487298183604,2228.571145806007
2,711E,16975,11.488325778973834,1477.5869283815043
2,712,171,489.4669381324032,0.34935965369277644
2,714,1337,151.23964711451072,8.8402745279331
2,715,3674,53.446804381617355,68.74124734880587
2,716,2387,96.7000290887807,24.684584094679902
2,717,3409,36.2244166920003,94.1077955508621
2,718,529,35.95391286594447,14.713280359008396
2,718A,33,143.2981113311844,0.23028914822004756
2,719,3317,245.08447798289197,13.534108839938618
2,719A,19,110.86675084800292,0.17137689933791592
2,72,9363,1.5468196585065697,6053.065041234238
2,720,126,557.9789577196183,0.22581496713593704
2,721,28,1164.7361858562917,0.024039778569612254
2,723,281,546.908503656345,0.5137970942513794
2,723A,94,243.1337635521721,0.3866184549059115
2,725,483,898.1889902496627,0.5377487424620337
2,726,14,518.7408673806307,0.02698842693981806
2,729,20320,3466.450854013734,5.861903386419536
2,73,21376,6.189917070714247,3453.358058888089
2,730,120,2047.6760402145567,0.05860302003017349
2,731,2138,3613.056438447338,0.5917427630659366
2,731A,889,616.5992820549616,1.441779168209861
2,732,4280,1062.795688699682,4.027114567275419
2,733,1150,2922.602757484573,0.39348488160251466
2,734,30639,314.2704064676042,97.4924758089125
2,734A,121,115.91166256579794,1.0438984078182265
2,735,241,953.6997875821503,0.2527000667694294
2,736,227,258.5636251762786,0.877927047337924
2,738,1398,693.0289347702322,2.017231792008071
2,738A,30,702.3873135759815,0.04271147758530055
2,739,1865,602.4609131772058,3.095636512192178
2,74,21063,10.403719546947157,2024.5643786294372
2,740,333,445.3728582467009,0.7476881310435506
2,741,1654,445.0633883384304,3.7163245581150406
2,742,8156,950.7126499462548,8.578827683066036
2,742A,11,383.1352736721674,0.02871048623263081
2,742B,103,306.2972703678313,0.33627462587671014
2,743,5268,1819.425272755864,2.895419822337972
2,744,6819,585.7869107676242,11.640751738655746
2,745,130,670.3000443727859,0.19394299775355645
2,746,7344,403.1232733673666,18.217752447419244
2,746A,499,392.6169813868839,1.2709587808385867
2,747,155,98.27151980964338,1.5772626728501034
2,747A,274,97.8085555374154,2.801390926330415
2,748,15115,3.6657949808104,4123.252958532481
2,748A,17811,5.217707747192106,3413.567961828628
2,748B,16536,96.0440780996239,172.17094824782075
2,748C,16708,21.482112846712255,777.7633475450757
2,748D,17356,94.05361293038987,184.5330493879631
2,748E,106,14.733765962622686,7.194358880744123
2,749,1131,213.8002876374912,5.2899835285426065
2,75,8894,3.9092084785138668,2275.1408754186377
2,750,60,168.23613743300743,0.3566415689012852
2,751,1463,160.61577863318885,9.108694129866098
2,752,173,108.64819250623833,1.5922952421879153
2,753,1127,345.17873766384884,3.264975147737881
2,753A,13,198.20964796123505,0.06558712017157954
2,754,447,99.83671076060931,4.477310967023208
2,754A,915,147.32163550589323,6.210900366792342
2,755,829,277.002558734073,2.992752138422857
2,756,1047,336.3875731876098,3.112481207550637
2,757,12,215.49332656956588,0.0556861792011278
2,758,613,190.5067517683582,3.217733724972444
2,759,854,120.8742653766004,7.065192887330032
2,76,41624,25.191650691157083,1652.2934725595849
2,765,3466,1356.3428319596985,2.5554011259765232
2,765A,53,1253.487627492912,0.04228202882704536
2,766,141,826.3214072457025,0.17063578259454962
2,768,24907,17.186434534303963,1449.2243839340765
2,768A,19873,6.312846351845611,3148.025295149148
2,768B,20444,15.344462940577118,1332.33727887195
2,768C,24952,101.27095869610027,246.3885038836988
2,769,7141,55.47302178276304,128.72924117897793
2,769A,5552,31.79587011844891,174.61387215752163
2,77,5167,150.5095875662088,34.33003892676969
2,770,4660,4.90352964949148,950.3358464414026
2,770A,3182,6.725708339314488,473.110018970035
2,770B,4770,5.248350458043185,908.8569900452999
2,770C,6088,8.823118375623073,690.0054766147322
2,770D,20581,5.519554473877871,3728.742980507341
2,770E,5326,5.090388442132445,1046.2855753634497
2,770F,15420,8.111534291797879,1900.9967097830315
2,771,15460,4.7861660497728,3230.142840684328
2,771A,5771,5.29120033789772,1090.6787933667451
2,771B,9380,9.581236746656623,978.9967879953655
2,771C,26833,9.58163387987837,2800.461835256496
2,771D,28646,10.5976269777881,2703.0579638290774
2,772,17146,28.00876651510833,612.1654800739333
2,772A,17771,21.207388211032637,837.9626865487878
2,772B,3877,24.70613704222821,156.9245727639799
2,773,32751,71.4643811766283,458.2842453928767
2,773A,71114,23.26298641816603,3056.959184933676
2,773B,24879,6.872307351073872,3620.18150950603
2,774,57875,99.97665854235905,578.8851202251271
2,775,17770,18.73794647011429,948.3429802909247
2,775A,45,82.87842169223589,0.5429640077739998
2,776,4780,861.8305730391248,5.54633375692858
2,777,920,196.72085100508377,4.676677613478933
2,777A,153,301.238101049866,0.5079038789142841
2,778,5268,953.9614979307314,5.522235448104549
2,779,428,,
2,78,4874,3.792836114020986,1285.0542057386222
2,780,1808,813.4216593810155,2.2227094387624526
2,781,160,2137.5783341972524,0.07485105805962733
2,782,638,81.49115743996599,7.8290702947741355
2,783,19687,2.2083286419691093,8914.886863236812
2,783A,18854,9.372015205827687,2011.73382521576
2,784,24695,4.321132441384434,5714.937076098516
2,785,39747,7.247977352562585,5483.874751063771
2,785A,23386,4.268357809325784,5478.922115879029
2,785B,42221,7.65114758742121,5518.257165684922
2,786,19404,6.003639820461917,3232.0393261878035
2,786A,15259,2.493513377157125,6119.477898047979
2,787,16629,6.274501372036325,2650.2504364905776
2,787A,26235,4.31488310667465,6080.118360429588
2,788,34089,6.5545005038777076,5200.853975040906
2,788A,56101,6.229769794869673,9005.3086786931
2,788B,30074,4.449975128633007,6758.240019475899
2,788C,33804,5.080850116722305,6653.217320609965
2,789,38920,5.373419761358422,7243.059676797122
2,789A,33257,5.5856080773546415,5954.051830960292
2,789B,17402,2.591363181194743,6715.384445640245
2,789C,18900,7.059770744232684,2677.14075778451
2,789D,19698,6.374334318141041,3090.2050342638076
2,789E,16377,2.5814866695598546,6344.018814086028
2,789F,13227,2.618515427502577,5051.335524349124
2,79,7085,5.666999797432204,1250.220619949609
2,790,22745,7.443463043636695,3055.7013404458776
2,790A,10744,3.6718662445701007,2926.032508915068
2,791,21203,7.156806874801418,2962.6340868096045
2,791A,31616,4.384426576282626,7210.977182518106
2,791B,26942,4.412745737903932,6105.495671000871
2,792,23957,95.68788246606108,250.36607961825422
2,792A,17156,25.104695944583217,683.3781232750486
2,792B,12586,36.9752668691032,340.3897000812982
2,792C,17692,3.7313567343547733,4741.438908027459
2,792D,16878,16.521140858319416,1021.600151269268
2,797,13198,62.611759060810826,210.79107499889312
2,798,11225,106.55843860977063,105.34125824710375
2,80,1988,700.584708139294,2.837629735424849
2,800,2089,93.6529462608786,22.305758477484574
2,801,42,76.36619690440233,0.549981558628315
2,802,12,104.29725136999829,0.1150557645803106
2,803,4422,187.15437179072705,23.627553862031114
2,804,641,435.1952889198004,1.4729019737116826
2,806,13736,110.02903329039711,124.8397771863258
2,807,24,636.1007578896151,0.03772987172602113
2,808,31,961.5692275834095,0.03223896845982518
2,810,44,1005.9582579783048,0.043739389433939055
2,811,118,365.039038413361,0.32325309784094863
2,812,24,665.02932037224,0.03608863438767838
2,813,101,395.8894758522232,0.25512170987263394
2,815,11731,593.1747575035163,19.776633869876804
2,816,454,711.5194441836232,0.6380711078400766
2,817,1317,263.39470932107025,5.0001004325209
2,818,38,353.8184828689021,0.1073997030677447
2,819,233,1201.0513012548422,0.1939967091801697
2,820,1189,362.06402252982895,3.283949594583216
2,821,7,472.5445466094864,0.014813418227392731
2,823,18806,270.65072499247384,69.48438804486096
2,824,57,141.92418481327454,0.4016228810825528
2,825,94,318.70628015111555,0.2949424151774782
2,826,129,276.1418986750278,0.4671511299768788
2,827,823,96.99224995077383,8.485214029138355
2,828,50,271.379410905633,0.1842438961494634
2,829,40,296.58635271401084,0.13486797229193745
2,83,11123,1.6202223190409177,6865.107256752396
2,830,1076,396.3010774899103,2.715107429975117
2,832,10511,207.2947742225538,50.70557151969148
2,833,245,371.08547227766434,0.6602252534873664
2,834,220,204.39390674283175,1.0763530259089564
2,835,138,152.70983380209748,0.9036746132461875
2,836,398,166.0317042162317,2.3971325348902277
2,837,96,442.66902967242754,0.21686631222211192
2,839,2031,107.74981822894443,18.849219733109674
2,84,9814,1.9528719617182544,5025.419071184294
2,840,14515,1048.9026247150596,13.838272169395212
2,841,528,191.82260732686166,2.7525431301238608
2,842,820,73.91570308149522,11.093718463259625
2,843,499,980.4557543741028,0.5089469848831154
2,844,259,1118.3274782652477,0.23159584740040676
2,846,26467,110.85700829454599,238.74900114278242
2,846A,274,0.8533081562400818,321.1032239599371
2,847,357,546.1231790326414,0.6536986777092323
2,848,86,183.08267655596333,0.46973313706014214
2,849,1250,196.35413701177595,6.366048706806894
2,849A,486,558.313344812781,0.8704789246314186
2,85,29003,36.46105884361391,795.4513916997729
2,850,394,231.6959269956025,1.7005046446391696
2,851,69,249.13511174777946,0.2769581514060312
2,852,125,643.0679101661382,0.19438071473307686
2,854,27397,100.7749238655621,271.8632666649168
2,855,1549,409.0199187892917,3.787101627189882
2,855A,42,173.47895896175558,0.24210428890836921
2,856,702,260.51776477546116,2.6946338980186244
2,857,902,94.30225025087461,9.5649891450139
2,857A,27,108.49939196625942,0.24884932081827998
2,857B,115,217.40689806914997,0.5289620569602271
2,858,213,243.20046623548947,0.8758206893968429
2,86,24474,6.6443008656699964,3683.457521686459
2,860,17476,198.3696661498447,88.09814695558826
2,861,679,125.596395879555,5.406206087722059
2,862,84,270.26548815442095,0.31080549933924645
2,862A,143,184.02792014590176,0.7770560026251786
2,863,1059,124.35099416717841,8.516216593944336
2,863A,454,132.11875635577098,3.4363024034033693
2,864,983,64.71249320951344,15.190266225988776
2,864A,410,33.79051465801554,12.133582579297673
2,866,17960,9.923102701851848,1809.917778705274
2,867,1106,56.09277579174434,19.717334084272213
2,868,19,200.91152505645076,0.09456898998034836
2,869,822,254.29908081625936,3.2324143577771163
2,87,16024,7.191930684608645,2228.0526193463947
2,870,1264,349.6444984045604,3.615100497126866
2,871,7255,939.7568773533914,7.720081836944929
2,871A,47,606.2230316425855,0.07752922199714456
2,871B,66,728.0413559829038,0.09065419080609184
2,871C,65,400.0237967184446,0.16249033315822967
2,872,6574,0.6773687968923784,9705.200520248483
2,873,3707,0.4436940789836066,8354.855689063555
2,874,2462,0.7846005825489696,3137.9023349709764
2,875,1855,0.2368118935530598,7833.221432285752
2,876,2528,1.4584643088712304,1733.3300407992365
2,877,19162,3.7977786999484375,5045.580986659429
2,878,19939,1.6839359877345517,11840.71137218495
2,878A,16551,2.5303551377291513,6540.979071757324
2,879,19532,2.2452183343520433,8699.376671372505
2,879A,20450,3.6552034388390346,5594.763832487345
2,88,6120,661.3317270653279,9.254054734614982
2,880,15523,4.092171089250027,3793.340909127263
2,880A,3210,0.7317328065709318,4386.847181340411
2,880B,3390,1.2457684595340426,2721.2119347346206
2,881,765,550.5247630522504,1.3895832691678462
2,882,415,193.6061961359377,2.143526438113654
2,882A,1378,231.89259629239297,5.942406191625377
2,887,13228,2.551401090151264,5184.602315591139
2,888,17185,2.0196907277927822,8508.728471898574
2,889,26267,4.839308684174821,5427.8413951762495
2,89,8685,8.797562076617405,987.2053103306224
2,890,3398,0.5379270604046874,6316.841538783444
2,891,47542,10.987443129244493,4326.9393471044095
2,892,66394,12.16994058734017,5455.5730591706115
2,892A,35971,5.33882072119731,6737.630251785823
2,893,37126,8.204717421633294,4524.957788565668
2,894,5188,1.6779069645105293,3091.9473544907883
2,895,18337,4.222974182564457,4342.200356258067
2,90,25,610.5402816801256,0.04094733918489919
2,901,32745,16.32746079593315,2005.5169881746792
2,901A,12516,8.926739139639123,1402.079729699145
2,901B,20157,9.301069483846296,2167.1701340375776
2,902,8680,12.499745584677482,694.4141335676602
2,903,7493,8.655079966624392,865.734346637398
2,904,23332,26.928929373299155,866.4288014039794
2,905,11532,25.486947670435818,452.46689203889304
2,906,2414,92.0983786217329,26.211102042466973
2,907,1521,20.689370832091843,73.51601033902567
2,908,1498,91.9445305764896,16.292431867426835
2,909,425,139.57497910454376,3.044958363788603
2,91,14471,24.81051309880247,583.2608113493014
2,910,1814,204.92017247455067,8.852227567909564
2,911,4991,19.93169717359032,250.4051690396501
2,913,43978,189.87058937157175,231.62091688637574
2,914,2197,53.10943487654007,41.36741437952067
2,915,3038,118.75813333023144,25.581405793506498
2,916,47,40.23543691282198,1.1681245092935062
2,917,2809,70.13996275287045,40.04849574695622
2,918,158,225.50986119257888,0.7006345494801781
2,919,83,223.50214840604798,0.37136108351499864
2,92,9502,15.13023097594758,628.0142064655365
2,920,672,169.0081071724711,3.9761406197764857
2,922,2493,200.20890019895575,12.451993880005356
2,924,30146,282.9912072308881,106.52627795394487
2,925,35985,54.184550796044874,664.1191902734511
2,926,3425,121.39815227461285,28.212949998220413
2,927,39,201.10090172553384,0.1939324968976415
2,929,9230,254.46647125267117,36.271969169702984
2,929A,71,269.4372620929494,0.2635121788593097
2,93,4557,3.022584219581639,1507.6502982043432
2,930,68,275.65257443830865,0.2466873387218028
2,931,683,144.00339586778918,4.74294370548781
2,933A,9227,28.22814057537859,326.872397966165
2,933B,9657,18.830255052468058,512.8448856954951
2,933C,7137,11.011087376238395,648.1648683854273
2,933D,4620,7.284767357286813,634.2000744030216
2,933E,6094,24.538049263665542,248.34900013929087
2,933F,8392,10.309512066927926,814.0055460937722
2,933G,5887,12.694142009873186,463.7572193080272
2,933H,5498,2.732360925654782,2012.1792653298396
2,933I,11418,3.5662843647595035,3201.6515880864104
2,933J,5736,2.2136545576787645,2591.1902017877455
2,933K,14541,2.758917894257825,5270.544669076376
2,933L,25768,5.9539436107905885,4327.887814271459
2,933M,218,544.286955741112,0.40052402083229577
2,934,372,717.1077411103195,0.5187505010391064
2,935,90,518.4217676634853,0.1736038214707455
2,936,32,679.7564890607982,0.047075681534447085
2,937,1893,981.2038391914499,1.9292627325632008
2,938,221,441.9238962772287,0.5000861050097227
2,939,99,657.7530913967419,0.1505124054829952
2,940,851,198.47066673351088,4.287787278624144
2,944,8327,372.8091121056066,22.335827450594046
2,945,44,331.0221429343943,0.13292162152645
2,946,25,789.4263126094911,0.03166856690824145
2,947,132,409.3618847652546,0.32245307859009487
2,948,52,1312.8656016751565,0.03960801466170671
2,949,339,980.8458699183927,0.34562005142378294
2,951,2428,1341.2660443544014,1.8102299765358496
2,953,8926,980.7639915726436,9.101068225075498
2,954,645,2116.4829653127044,0.30475085817886705
2,955,1967,583.8740729271748,3.3688771110159212
2,955A,3249,80.79900918760973,40.21088912682142
2,955B,1044,137.9852293656638,7.566027210299283
2,956,268,305.1834340586312,0.8781603786151525
2,957,35730,984.5706993089354,36.28992821447834
2,958,1069,765.4610595120289,1.396543934816845
2,960,18,920.4597519130565,0.019555444942149103
2,961,5182,1219.3129256458928,4.249934443412053
2,961A,68,609.1972528151132,0.11162230244107403
2,961D,164,313.6855839862356,0.5228165028049113
2,964,46401,216.77786153150723,214.04861027866502
2,968,45,445.76119143189396,0.10095091467125927
2,969,635,805.5231520272382,0.788307571795935
2,970,61,415.96400543533883,0.14664730410064863
2,972,2187,622.7196012188214,3.512014068160826
2,973,541,421.56784236969054,1.2833047154616086
2,973A,2162,133.64070474675253,16.17770576784194
2,974,11,747.3846485563467,0.014717990289535214
2,975,1035,663.1680045067651,1.560690493157593
2,975A,45,186.74432552581695,0.24097117742824725
2,975B,750,29.636762817906998,25.306407606259825
2,98,39097,79.76462757035453,490.1546110212249
2,980,22838,125.96769851893471,181.30044661066128
2,981,121,340.27516863398876,0.35559456332281364
2,982,65,365.8598525828738,0.1776636587510687
2,983,4724,176.9590699198646,26.69543868047707
2,984,1675,198.36362834851474,8.444088333860837
2,985,402,645.7843571022117,0.6224988195809973
2,986,56,651.4747469485043,0.08595881922101044
2,987,39,556.9458177577892,0.07002476498882833
2,988,686,533.3670173984738,1.2861687686389043
2,989,364,418.8684895844488,0.8690078367105561
2,99,597,208.5772915372788,2.862248309007785
2,990,259,270.33626995413846,0.9580660413933298
2,991,554,519.2514785441507,1.0669204092654205
2,993,23411,2.9157435102974785,8029.169890053702
2,993A,12185,2.1886951280889972,5567.244082385754
2,994,12251,2.112675646790129,5798.807790781053
2,995,14589,1.5424567785098031,9458.287715584946
2,996,14185,2.048321220871133,6925.183343053608
2,997,11011,2.076841186446431,5301.801635993322
2,998,17025,2.3278208239335783,7313.70723423247
2,999,35566,6.056693915809115,5872.180515374242
3,1,2097,0.6032983160195332,3475.892347645977
3,10,57,144.81994406509372,0.3935921973176541
3,100,82,314.82578011974573,0.26046151610840396
3,101,82,811.8989261548481,0.10099779339326369
3,102,9413,153.3945445532041,61.36463345171412
3,103,1642,24.555894674752075,66.86785481647608
3,104,321,163.12075116516039,1.967867348005198
3,105,212,164.68283410848088,1.2873229996779754
3,106,165,129.6290642770235,1.2728626941824337
3,107,1841,150.14692921934093,12.261323022534746
3,108,40,830.8445424521645,0.04814378377204419
3,109,149,1546.8720851083476,0.09632341383260762
3,11,589,346.3928509953639,1.7003815128040363
3,110,27,581.8658862606176,0.04640244537021493
3,111,1382,691.0864022899992,1.9997499522788673
3,112,101,1313.6520125291327,0.07688489724576898
3,113,802,311.7836810871992,2.5722962702967695
3,113A,49,,
3,114,1107,170.172991632158,6.505145084320229
3,115,666,450.8772836365344,1.4771203255759553
3,116,220,4387.405128647237,0.05014353440112614
3,116A,39,,
3,116B,112,,
3,117,393,419.5201320439802,0.9367846021720837
3,118,137,744.9382619024171,0.18390785788090752
3,119,1587,920.916742475915,1.7232828189585283
3,12,3814,176.73961897927455,21.579768147215766
3,120,2820,1254.365273962971,2.2481489710653824
3,121,160,290.6979796297129,0.5503994221212194
3,122,604,82.19867255840252,7.348050536592976
3,123,827,403.6043983523201,2.049036143749066
3,124,12882,1353.6133307777077,9.516750246984307
3,125,979,185.93324221748406,5.265330654831881
3,126,1459,18505.429859019387,0.07884172435415739
3,127,447,9087.479941751191,0.049188554237827725
3,128,214,37.535447610697155,5.701277422332178
3,129,110,751.7849261491584,0.1463184431795529
3,13,4461,462.9930869417476,9.635133063145
3,130,354,44.80424855133167,7.901036429490087
3,131,590,214.2760209951344,2.7534578869811908
3,132,4522,125.27686223178077,36.096050934238995
3,133,178,4392.783022184842,0.040521008914177606
3,134,178,103.86149256125915,1.713820932190174
3,135,61,121.80178499090349,0.5008136785889933
3,136,893,387.6101249464571,2.3038613868080855
3,137,973,1264.4363736607056,0.7695128203114247
3,138,527,671.240113597697,0.7851139842870799
3,139,112,63.57163632986962,1.761791995078408
3,14,2688,181.30767347546725,14.82562733542391
3,140,554,20.53884238736205,26.973282600429663
3,141,251,232.2238665857201,1.0808535905044416
3,142,309,1013.469167639619,0.3048933404848067
3,143,10180,75.9856013571731,133.97275033921937
3,144,160,1140.4818984049562,0.14029157343380128
3,145,228,295.9724869294162,0.7703418732105787
3,146,607,94.0833093774494,6.451728834971131
3,147,1449,250.3668514245871,5.787507378693272
3,148,247,1053.818890606959,0.2343856256531305
3,149,667,79.80335070686012,8.358045045628176
3,15,358,111.77687789994408,3.2028090847237656
3,150,157,890.6955615091283,0.17626673667710982
3,151,1599,124.18631938971606,12.875814404178357
3,152,221,1798.9201423318946,0.12285147895087956
3,153,3560,100.00573977284695,35.59795675814393
3,154,12821,160.00150947759866,80.13049403008932
3,16,1905,224.3162637081224,8.49247383363501
3,17,35,851.2200451170976,0.04111745276767448
3,18,341,839.7778128393609,0.4060597872275879
3,19,344,151.32727796580855,2.2732187126086063
3,2,8990,14.259981792205545,630.4355875765494
3,20,315,383.5985668715154,0.8211709511039644
3,21,560,31.85456749383651,17.579896512748242
3,22,106,107.27192717514603,0.9881429633209692
3,23,153,2790.5568597215315,0.054827766532328535
3,24,1086,1027.4722756524757,1.0569628258926573
3,25,2951,465.29487677596853,6.342214684261085
3,26,896,1123.6085734424253,0.7974307255905891
3,27,302,73.31833665631136,4.1190241592040175
3,28,1125,259.16556771609544,4.3408544194898155
3,29,363,69.67505206317489,5.209899228648802
3,3,40103,12.013353132401487,3338.202045508617
3,30,11787,1652.502905080109,7.132816507471493
3,31,441,64.85406784737653,6.799881867669759
3,32,2055,612.3016252867402,3.356189033530077
3,33,429,129.25349889377327,3.3190590867684966
3,34,325,178.28628185624459,1.8229108634508027
3,35,95,147.50124572790787,0.6440623571087956
3,36,183,41.37810855489577,4.422628447533227
3,37,341,154.8979765205785,2.201449028965833
3,38,357,200.74652859097054,1.7783620095737867
3,39,182,206.48698549957126,0.8814114824702979
3,3A,5198,44.022245633657114,118.07666613049562
3,4,4671,0.9336536817679549,5002.925700624939
3,40,63,164.14641391567122,0.3838036938922449
3,41,153,111.28518351244632,1.37484609514876
3,42,809,265.15757486608527,3.0510159870355427
3,43,250,366.1944280940723,0.6826974438174059
3,44,327,106.79813747820994,3.061851149480186
3,44A,1225,41.34944134283571,29.625551403301994
3,45,193,370.56924144331066,0.5208203445280414
3,46,653,439.4953820794218,1.4857949062181397
3,47,142,325.77594259936564,0.43588240085189306
3,48,253,142.17691883174285,1.7794730824024192
3,49,404,240.7857752210037,1.6778399788326
3,5,11274,29.029940770555402,388.3576645611015
3,50,1205,367.0561813333384,3.2828761951993704
3,51,1288,74.801011863105,17.219018405221544
3,52,162,188.15628051203691,0.8609864074648116
3,53,1774,346.60076670427316,5.118280657219702
3,54,158,153.6154081635882,1.0285426565526719
3,55,233,197.98931788981156,1.1768311668696854
3,56,212,103.82368914682269,2.0419232040599073
3,57,1046,56.92028214564319,18.37657791863323
3,58,4934,155.49851335070431,31.730206891895357
3,59,579,60.818457652058974,9.520136194713222
3,6,4310,1.8651249186487606,2310.837176054939
3,60,315,119.01877130570372,2.6466413368603168
3,61,748,173.99479931979212,4.298979066754865
3,62,226,129.22491237970223,1.748888784973156
3,63,833,130.05147496554005,6.405156113921209
3,64,371,88.9697119521783,4.169958425845129
3,65,2242,226.26305749304868,9.908820400647505
3,66,197,81.76407906450905,2.409370988506747
3,67,388,190.7469619737407,2.034108412449653
3,68,333,209.90477281844522,1.5864336743215677
3,69,219,125.62447779623449,1.7432908286808766
3,7,48005,266.37974735203983,180.2126493368806
3,70,622,319.54674408067984,1.9465070808011617
3,71,414,61.067683025043124,6.77936315072284
3,72,10641,24.25934652159821,438.6350634188051
3,73,227,9.402212917932713,24.143252442948402
3,74,8552,12.426307451130267,688.2173190735057
3,75,4072,53.99831309922148,75.40976312570602
3,76,3800,3.378993978711898,1124.595078872734
3,77,1878,44.28794504030473,42.40431562789616
3,78,730,39.565575134226954,18.450382624881893
3,79,466,34.40903672899688,13.542953953351928
3,8,16019,10.097360528352041,1586.4541981066027
3,80,4723,13.128798305625697,359.74351117696676
3,81,4537,25.320254267098505,179.18461450426435
3,82,79,113.75971494325498,0.6944461845689959
3,83,1559,497.78201602677535,3.1318929768570474
3,84,1278,122.07714923274946,10.46878967957709
3,85,98,112.61402942917898,0.8702290513601638
3,86,749,411.341844271601,1.820869941705833
3,87,374,67.05191397259252,5.577767700305656
3,88,995,315.18647287552324,3.156861368200138
3,89,414,282.47352243904055,1.465624092570813
3,9,4860,25.70143385012879,189.09450843637063
3,90,434,229.09232253843385,1.8944327561530991
3,91,700,945.3520537791138,0.7404648852263016
3,92,516,1325.8953244097574,0.3891709929889867
3,93,1055,91.45159644711173,11.536157278677223
3,94,479,181.8399193196517,2.634185066690325
3,95,357,337.4850841331851,1.0578245285030539
3,96,2611,365.059642498159,7.1522559495553315
3,97,967,1174.4400233787985,0.8233711221948949
3,98,2788,666.2490866174411,4.184621121440823
3,99,2592,497.9575112649188,5.205263383648465
4,1,15735,1.7609369447979542,8935.584006277633
4,10,18014,3.144356901985927,5728.993419488303
4,100,878,687.3318687465834,1.2774033038816002
4,101,88,124.82902108947376,0.704964272185746
4,102,5703,1829.269862259819,3.1176373249569114
4,103,75,393.0536968638367,0.19081362317266745
4,105,1147,494.6003263035651,2.319044163541492
4,106,11347,285.53919504211865,39.73885265848092
4,107,2278,106.36424981140786,21.416970495623033
4,108,1164,78.26300012143834,14.872928436091847
4,109,10650,396.22246451625506,26.87883942421716
4,10A,5029,12.261771431560012,410.13649847167164
4,10B,11649,3.6721643880915105,3172.2436059171614
4,10C,7759,6.460111197865687,1201.0629170846848
4,10D,4698,4.053808109972175,1158.9103066924022
4,10E,16053,52.18996090520293,307.58789088113
4,10F,13221,2.4308193439115606,5438.906857934324
4,10G,20619,2.512198298382258,8207.552729128787
4,10H,12127,3.0137026202452524,4023.9537632326565
4,10I,11864,3.885588947205605,3053.3337831661843
4,10J,12263,5.650247345887375,2170.347464332836
4,10K,8735,8.534709264741297,1023.4677865461858
4,10L,27240,3.176744465454747,8574.816229702828
4,10M,3636,1.839371909576277,1976.7617310398086
4,11,5156,10.575220803412316,487.5548317947469
4,110,110,330.4851497357106,0.3328440024853375
4,110A,132,265.84150198799244,0.49653646632632326
4,111,1221,134.61357803794732,9.070407441779777
4,112,11719,816.4496267169878,14.353610579899556
4,113,881,527.3773576608435,1.6705305739852627
4,114,729,317.1550501462136,2.298560277264761
4,116,1771,626.627602150927,2.8262400090914666
4,116A,212,85.69627963905405,2.4738530178080915
4,117,2205,661.8198198864425,3.3317225228738874
4,118,5126,453.07095158066505,11.313901238021355
4,119,3254,516.6936571710045,6.29773552440389
4,11A,23011,3.196390734444444,7199.057284215122
4,11B,7336,22.427230874079036,327.10235343761536
4,11C,14353,2.607121717647771,5505.304912633592
4,11D,12158,2.0365731400158396,5969.832244721366
4,11E,15918,2.4776424026976684,6424.655948198339
4,11F,8824,2.28296970090228,3865.141090796151
4,11G,15893,3.885582096196178,4090.2494417911234
4,11H,6807,3.5101500135870287,1939.2333585891147
4,11I,17113,2.925624641157113,5849.349147275312
4,11J,16867,2.628010643730765,6418.162742314979
4,11K,12225,2.2703849534598715,5384.549426902319
4,11L,3107,9.112648413553048,340.9546664149826
4,11M,7633,5.707850955002045,1337.2808891078105
4,12,10323,4.498471785233569,2294.779314585389
4,120,6529,829.6033033405378,7.870026521965232
4,121,2067,348.6113655214698,5.929238700832605
4,122,484,120.07964859880873,4.030658031129528
4,123,3941,439.108546840601,8.97500180389476
4,124,1127,436.84589552055047,2.579857133960373
4,125,8732,253.5352546009769,34.44096961482829
4,126,6185,418.5112616359659,14.778574836487685
4,127,2051,679.8979211817347,3.0166293146405634
4,128,3446,164.86508875071894,20.901938828362002
4,128A,152,156.55143459101083,0.9709269058894195
4,129,4092,457.4393934546354,8.945447328217059
4,12A,6319,5.067575858768373,1246.9472931650942
4,12B,21810,3.4603688762580487,6302.796256676761
4,12C,4732,16.118304011196916,293.57927463787865
4,12D,28344,5.21250171011424,5437.696057730175
4,12E,5535,24.77839531029888,223.38008295877964
4,12F,20686,3.870544483776259,5344.467706470566
4,12G,11440,3.509958343926793,3259.297940043759
4,12H,13161,14.689891229326424,895.9222226047395
4,12I,2927,6.291993539577771,465.19437465862666
4,13,8646,2.035147304000303,4248.341131379212
4,130,806,96.66146347558366,8.338379857072956
4,131,9702,991.0974375941978,9.789148505469608
4,131A,32,142.21538408367672,0.22501081866903958
4,132,2462,264.7448277436713,9.299520678015792
4,133,24603,834.6168723512321,29.478196301843166
4,134,5983,321.43962294075243,18.61313781189565
4,135,392,92.55264813812987,4.2354271637366985
4,136,2851,441.2332540365414,6.461435020860622
4,137,746,1298.2581550983577,0.5746160708256688
4,138,746,153.4045070861346,4.862960118773635
4,138A,15,97.26489327606518,0.15421802764359976
4,138B,82,48.193874316774966,1.701461050029299
4,138C,375,138.3629507139837,2.7102631019714187
4,138D,181,17.137307635800276,10.561752396968492
4,139,298,93.42418023623877,3.189752366533555
4,139A,64,151.13650357385052,0.4234582545356251
4,139B,261,122.10584174587167,2.1374898716410042
4,13A,15730,2.6141028512528712,6017.3607907053165
4,13B,139,13.520119447529279,10.280974257620292
4,13C,13016,1.8048315234873515,7211.753468739332
4,13D,3139,9.138535696938911,343.4904785732199
4,13E,1361,5.259873770915406,258.7514566462946
4,13F,7816,1.3884071067272894,5629.472769282805
4,13G,21271,7.861645874137753,2705.667533305544
4,13H,17350,2.4905604291785073,6966.3035663514365
4,13I,5565,1.449633514224126,3838.901312224769
4,13J,32010,4.581327901757015,6987.0571778378135
4,13K,2883,7.573368814016671,380.67603345345987
4,13L,663,7.763010765980078,85.40500844150206
4,13M,507,11.202728968356494,45.256829959207685
4,13N,7158,2.0713725663109805,3455.679637945611
4,13O,1663,3.2796036598695424,507.07346755008547
4,14,7325,5.1091340522400905,1433.7067544329489
4,140,152,167.46291107006715,0.9076636673084143
4,140A,76,99.04953118208986,0.7672928795622843
4,141,47,1425.8173030191433,0.032963550028799846
4,141A,238,551.2768345269781,0.43172501562525367
4,142,2392,452.53453093301795,5.285784479403745
4,142A,125,21.985271221348174,5.685624650316903
4,144,929,1084.8631264037688,0.8563292247562675
4,144A,71,386.8035456779784,0.1835557114026791
4,144B,58,522.3823203256504,0.11102979129125791
4,145,541,338.2294518235331,1.599505888926136
4,145A,303,375.8498196758907,0.8061730620525192
4,146,2238,301.9722347892433,7.411277402910821
4,146A,379,166.9558405175361,2.270061345713701
4,146B,231,66.24528156388989,3.487040805724606
4,146C,139,6.27110907649823,22.16513830399155
4,147,8847,32.12574413093181,275.3866171610884
4,147A,2173,5.787938281012724,375.4359315006011
4,147B,3733,20.836681294954985,179.1552093712659
4,148,12001,298.6008011537594,40.19078299063334
4,149,1140,59.066495081202476,19.300281799906518
4,14A,20436,4.3604011113537755,4686.724793915858
4,14B,6940,1.9285625324013365,3598.53511794544
4,14C,5299,3.533056933899286,1499.8343075529544
4,14D,5793,2.457247536517606,2357.515844012117
4,14E,6673,1.488080144204624,4484.301484693693
4,14F,6828,1.7065950575872102,4000.9491236037265
4,14G,10060,13.380362655075123,751.8480820984533
4,14H,6733,3.14602072741551,2140.1639033482247
4,14I,6403,3.649401839753305,1754.5341075492074
4,14J,7434,1.9034729454852852,3905.4928611579094
4,14K,3689,1.282066651785612,2877.385504772397
4,14L,4927,3.6955373664771685,1333.2296527951883
4,14M,8813,1.7051807153615364,5168.367153467043
4,14N,4250,1.4064803504454169,3021.7272489118473
4,14O,8202,2.1796878113947855,3762.9241936034537
4,14P,3666,5.813533896619572,630.5975100844754
4,14Q,1436,5.011230060478601,286.55639087997764
4,15,456,172.8791023956036,2.63768144143023
4,150,23693,248.08505454331237,95.50353625136864
4,151,972,71.34121277468283,13.624663251378562
4,152,7314,53.51861204397841,136.6627369556929
4,152A,6689,99.66012415915117,67.1181182688281
4,153,8002,231.37257187288833,34.5849118381938
4,154,14854,64.87540085261566,228.96197641607503
4,155,1072,78.2873783249247,13.693139595897064
4,155A,1231,54.349232989717116,22.649813664029175
4,156,59159,55.514455355140264,1065.6503719895052
4,156A,2564,123.97385282480444,20.681780404319255
4,156B,784,388.89190474872834,2.0159843659038357
4,156C,1627,2.0813543485238424,781.7025491857819
4,156D,6303,96.77514581535094,65.13035911127697
4,156E,297,0.9564108091204039,310.536013570514
4,157,10131,126.7601522322935,79.9225925623259
4,158,9259,321.53179461657186,28.796530094454265
4,158A,1424,9.597897996660258,148.3658193174697
4,158B,2366,12.244088639801102,193.23610516090108
4,158C,4255,19.474268303455588,218.49344651603556
4,159,6860,83.76169602138229,81.89901023791127
4,15A,963,48.29832572217359,19.938579352407867
4,16,257,104.72798661117903,2.4539763277810107
4,160,2886,946.5914445713481,3.0488338095078475
4,160A,304,413.92865063416093,0.7344260889751305
4,161,6830,396.36075964258947,17.231776440631556
4,162,5648,1016.2104037202184,5.55790413021101
4,163,1513,248.45881560495445,6.089540418664982
4,164,2221,447.2954094370347,4.965398600435777
4,165,32800,33.37467714078822,982.7810426940163
4,166,6454,114.59755711446802,56.31882705451824
4,167,1075,239.8634113724061,4.481717298396049
4,168,828,1090.4802772941048,0.7592984643927555
4,169,522,196.95506552690023,2.6503507213867774
4,16A,178,19.33450261569478,9.20633975117149
4,16B,27,271.55878213132826,0.09942598721385691
4,16C,161,50.29161076627432,3.2013291590168556
4,17,8029,308.1928323049431,26.051871290944433
4,170,3004,207.64016265013188,14.467335999257811
4,171,154,176.03869626001938,0.8748076603142587
4,172,6502,763.1070920050321,8.520429266246584
4,173,5,431.6861168508079,0.011582489695233854
4,174,858,524.8677133433762,1.6346976165376814
4,175,60,112.8379947960313,0.5317357872980414
4,176,86,416.72746702637005,0.20636988632803036
4,177,2718,374.83168702539433,7.251254613956529
4,178,81,378.9643701390611,0.2137404103986795
4,178A,517,356.4394846053315,1.4504565917337962
4,178B,161,360.1472603950868,0.44703935779875337
4,179,9545,471.5272834549276,20.242731088777788
4,18,1599,408.7160634657202,3.912251420806002
4,180,190,1332.1112437410118,0.14263073064860315
4,181,188,191.22420498702186,0.9831391377088445
4,182,1036,675.4361403993837,1.5338237592489732
4,183,9812,283.49060689676685,34.611376043133035
4,184,8562,573.4651517897415,14.930288219395099
4,184A,852,198.27313127337135,4.297102661001985
4,185,4,758.4807010670607,0.00527370043083844
4,186,28648,45.697601335733324,626.9038015699665
4,187,90,630.7867610640299,0.1426789615054465
4,188,78003,327.6333811940774,238.08013614398476
4,189,7690,391.7848773352561,19.62811850294965
4,18A,149,303.7601051424009,0.4905186608694045
4,18B,250,6.885005619069947,36.3107909901417
4,18C,159,281.173083848154,0.5654879827895157
4,18D,424,38.622197276109254,10.978142879050438
4,19,3146,15.50360082842846,202.9206011439149
4,190,87,358.9693094514496,0.24236055202865944
4,191,3702,479.43411387356696,7.721603225289608
4,191A,355,329.1225145968289,1.0786256918183512
4,192,473,563.4036663170406,0.8395401526085059
4,193,696,724.3575082929459,0.9608515022371004
4,194,610,817.2036277261709,0.7464479834693039
4,195,166,194.64459650921637,0.8528364155854691
4,196,205,125.5720524638207,1.6325288627345145
4,197,371,300.70113021343246,1.2337831910929986
4,198,1092,180.3261801196184,6.055693073937615
4,199,247,429.9029969261656,0.5745482161465867
4,2,6218,1.2523003671368884,4965.2624587311275
4,20,2719,84.3014747809081,32.253291025648544
4,200,640,179.12635511445907,3.5728969061590603
4,201,127,61.50774707686942,2.06478055262342
4,201A,172,148.30813020859452,1.1597476130140876
4,202,360,305.1409521865412,1.179782646086527
4,203,402,81.57464200635776,4.928002012790555
4,204,4041,473.83962377322246,8.528201942718924
4,205,2287,198.95090559136509,11.49529826568058
4,206,42,143.9926194260521,0.2916816165120827
4,207,248,514.7287351721425,0.48180717930398914
4,208,314,246.01145691812854,1.2763633203655946
4,209,133,94.76659648232415,1.4034481023575343
4,20A,10678,140.430365178271,76.03768591247831
4,20B,2246,51.367635733717556,43.72402910741194
4,21,309,304.2657594839157,1.0155595572900293
4,210,77,115.78421878690128,0.6650301812004025
4,211,11837,76.85748710929455,154.01232131317659
4,212,109,232.32798351717432,0.4691643182619128
4,212B,288,73.44822510926387,3.921129470066325
4,213,2767,456.20342412895053,6.065276702565651
4,214,1745,301.8489047976707,5.781038036794182
4,215,134,132.67300680523712,1.010001983272384
4,215A,231,274.55181459953576,0.8413712374727484
4,216,32,88.78034708081765,0.36044013176553674
4,217,60,206.76594010880808,0.29018318959314926
4,218,7677,52.800444264572384,145.3965038917495
4,219,187,325.9694762593899,0.5736733455717643
4,22,1440,708.8777054848991,2.0313800093557544
4,220,7874,396.0854722822359,19.87954760024442
4,221,100,122.33091328304066,0.8174548633396289
4,222,1004,237.27821292577158,4.231319798055307
4,223,825,133.97983350878252,6.157643119820121
4,224,38,408.3134479328929,0.0930657566934836
4,225,1008,447.91676079400554,2.250418131737592
4,225A,65,192.35218152282314,0.337921823841065
4,226,448,1895.5981263021424,0.236337013517702
4,226A,390,123.97290873761291,3.1458485887866843
4,227,839,279.5151150454324,3.0016265841782075
4,227A,445,1651.899209249203,0.2693868957067029
4,227B,366,30.85563839903333,11.861689434740923
4,227C,196,170.720886271809,1.1480727653202518
4,227D,397,52.76453563873776,7.523993060758358
4,228,3148,296.68420258765974,10.610608763605729
4,229,5821,437.2254392630032,13.313497974436267
4,229A,170,206.33912590748116,0.8238864018267917
4,23,2932,625.9745817632978,4.683896256204039
4,230,2333,231.04781737493556,10.097476905458478
4,230A,734,383.30134929890403,1.914942384999579
4,231,486,156.17160260597814,3.1119614058528993
4,232,1796,479.7997577343824,3.74322823437995
4,233,1374,122.29198153124631,11.235405484446542
4,234,1491,246.54291857262066,6.047628577743218
4,235,7052,379.6748637177527,18.573786873714138
4,236,1664,233.29354685908217,7.132644783377214
4,236A,78,164.17834338082798,0.47509311151393
4,237,6148,164.72324361066404,37.32320870593872
4,237A,1074,91.84266195359098,11.693911926711174
4,237B,237,174.518773403029,1.3580200879172954
4,238,1031,231.6493356123704,4.450692669912165
4,239,12189,268.2195578186385,45.44411339400467
4,24,3663,18.963036538621086,193.16526615026805
4,240,15148,219.35740003594267,69.05625247891311
4,241,5868,242.10741371214172,24.23717601220123
4,242,591,50.19919847782978,11.773096342584276
4,242A,5,188.58786471040847,0.026512840620354305
4,243,19597,190.31305527477565,102.97244175763812
4,244,2648,219.2560446622387,12.077204092955395
4,244A,616,229.213120194305,2.6874552358862096
4,245,14493,328.81404546829634,44.076584317920776
4,248,18828,1509.5328531325688,12.472732846408945
4,249,1471,1295.1351765075317,1.135788778408989
4,24A,4536,22.98122598628051,197.37850377120577
4,25,3545,226.7367291553594,15.634873155336802
4,251,83,959.584817076523,0.08649574120281343
4,252,5255,891.8949367324025,5.891949582371798
4,253,1175,392.2868477512333,2.9952571867643143
4,254,139,846.8208286271113,0.16414334095365904
4,255,522,542.6436167727785,0.9619573212792023
4,256,175,1092.2567811100248,0.1602187352154987
4,257,3395,313.81446949021034,10.81849414246308
4,258,590,376.0519339885755,1.5689322316260823
4,259,27,140.48734601313194,0.19218812772985402
4,25A,178,37.07707605104623,4.800810068057599
4,25B,369,177.0556492788112,2.084090519014913
4,26,15535,105.76541383623946,146.88166420880668
4,260,1101,162.7128643332117,6.766520917149586
4,260A,37,240.0867417190144,0.1541109672907426
4,261,7161,134.4382423733213,53.26609358752722
4,261A,1515,33.14876362480414,45.703062025105964
4,261B,34,162.27116054309184,0.20952583247823106
4,262,10199,223.72485047210674,45.58724691726446
4,263,2912,33.818864383728254,86.10578897501631
4,263A,119,179.0623761439534,0.6645728855085251
4,263B,17,135.6972504014514,0.1252788833208235
4,263C,971,72.44575191472127,13.403132334702
4,263D,690,92.92541468031239,7.425309882918248
4,263E,939,51.93837125764788,18.07911910333024
4,264,466,106.0414300589666,4.394508823022009
4,264A,298,240.35605159042197,1.2398273229575514
4,265,5199,225.34336128298207,23.071458464095556
4,265A,5654,25.756163682794803,219.52026977437208
4,265B,65,169.41803763900663,0.3836663492614701
4,265C,883,96.83249687806574,9.118839526692149
4,266,1714,422.53790671357274,4.056440789729844
4,266A,141,389.72885972611004,0.36178998932511863
4,267,557,146.6799146222669,3.7973842665125472
4,268,29775,99.96698563883675,297.8483327242843
4,269,3866,154.09113994023926,25.0890479588855
4,269A,761,191.20969576001812,3.9799237009147777
4,269B,35,85.57453587265076,0.40900017327684796
4,26A,289,54.27354291263591,5.324878098804111
4,26B,285,30.71633940086422,9.278449371215808
4,27,4031,174.82461332501583,23.057394055298047
4,270,6161,123.10046101200263,50.04855342823847
4,271,2102,55.777972329054634,37.68512751950777
4,272,1594,67.44222194355729,23.635045733428328
4,273,1654,232.6579654388346,7.1091483881940585
4,274,1068,96.3095470958349,11.089243301468997
4,274A,596,93.40898391226096,6.380542588492587
4,275,2337,101.90711170267487,22.93264877154455
4,275A,2678,135.01562649374682,19.834741129938987
4,276,1621,49.4585730114888,32.7749043552764
4,277,2964,426.8847754647926,6.943325624046428
4,278,1912,385.85619153305845,4.955213994113629
4,279,21897,347.9500661306328,62.93144370830235
4,279A,441,66.66099629310972,6.6155626906761835
4,28,22867,136.1598530109867,167.94230820853537
4,280,6172,1061.5165703030286,5.814322802552289
4,281,184,109.26415744869999,1.6839923017425804
4,282,9596,533.0305015242812,18.002722119201035
4,283,1999,213.69237568344786,9.354568657897316
4,283A,192,296.79475812887125,0.6469116948373855
4,285,5900,577.8607051124967,10.210073029366827
4,286,185,390.10876695970927,0.4742267174403362
4,287,171,69.65746902844637,2.4548695550532833
4,288,2176,339.0407061900013,6.418108387199238
4,288A,311,290.877842732736,1.0691773463328131
4,289,1236,442.55599572597527,2.7928669183940165
4,28A,16369,11.479235182735652,1425.966080442221
4,29,19062,122.20972747218416,155.97776375320575
4,290,2061,198.71468697744677,10.371654110468011
4,291,6554,269.628427981754,24.307525912822204
4,291A,70,109.75225720296204,0.63780009435752
4,292,109,188.2562634712462,0.5789979998017352
4,293,3740,606.8318511877017,6.163157047013943
4,294,1063,151.13881611630217,7.033269330242838
4,294A,201,101.33083986023351,1.983601441350343
4,295,1785,323.10317228738023,5.524551143720599
4,295A,280,211.59853728403314,1.323260565001686
4,296,2528,487.6296463559252,5.18426231647694
4,297,1265,165.76285477744335,7.631384013616412
4,298,15803,796.944361716897,19.82948968476897
4,299,477,331.5675824885903,1.4386207373467044
4,29A,434,68.43272501629068,6.341995001611942
4,3,20492,1.9107551955015278,10724.555426170822
4,30,9734,286.6277996996994,33.9604183899759
4,300,1277,434.26671016362343,2.940589205004571
4,301,1967,140.94754814651625,13.955546058561342
4,302,146,922.3118963382913,0.1582978606040328
4,303,2561,663.2112020599402,3.8615149925777943
4,304,18283,1514.905325569492,12.068740990878059
4,305,5521,297.73861808854633,18.54311017980904
4,306,603,366.31487409086867,1.6461248031397677
4,307,662,312.6336386709251,2.117494466732079
4,308,3062,274.431208060363,11.157623149501612
4,309,3725,560.7385989308808,6.643024052744335
4,31,1542,50.16150754312244,30.740702892040993
4,310,28322,47.02091776421366,602.3276734414382
4,310A,30248,70.51743965956126,428.9435371736268
4,311,385,108.16332768257338,3.559431909582686
4,312,12,88.35617814776992,0.13581393233114708
4,313,795,94.19035006599213,8.440355083540966
4,314,3457,459.12598611434015,7.529523713648117
4,315,800,135.87619524676597,5.887712697188149
4,316,48626,130.48843344355672,372.6460554148147
4,316A,7832,46.555813506853916,168.22818483983698
4,316B,299,21.422312467998207,13.957410081038736
4,316C,234,38.97779008550351,6.003418856910221
4,316D,705,5.876484744660907,119.96968096284591
4,316E,1473,77.16655779077365,19.088579848201004
4,316F,2155,2.9663817419618184,726.474266449196
4,316G,3991,20.3519408133575,196.09923380774595
4,316H,1439,1.9476050267628944,738.8561747510764
4,316I,1645,10.704079497072073,153.67972560834988
4,316J,4493,87.08481251913011,51.593382014952525
4,317,587,97.65839362339548,6.010748059851106
4,318,715,176.76959960591262,4.044813144307674
4,319,1803,79.56909539907066,22.659551311438666
4,31A,2998,89.56974561982426,33.47112330456881
4,31B,563,26.833385316691096,20.98132581317642
4,32,2115,81.62421595773226,25.911428063152453
4,320,14,175.2268113624643,0.07989644901453116
4,322,43,396.9553822313112,0.10832451687213382
4,323,6659,377.66859297562513,17.631860641453375
4,324,2236,78.9179308105821,28.333231459993815
4,325,1531,99.59790582388908,15.371809149352432
4,326,7486,27.942489403851027,267.9074112476278
4,326A,4770,61.19661294699588,77.94549028606261
4,326B,3207,72.4999533466591,44.23451122327906
4,326C,5477,165.5023916575947,33.09317735619966
4,327,495,173.35247143340086,2.8554539540566677
4,328,2353,387.7868142477756,6.067766910961947
4,328A,971,36.8412016130405,26.356360745201645
4,328B,1204,21.040996541519338,57.22162434769646
4,329,290,135.46984102954,2.1406978689578873
4,33,30410,163.570386030682,185.9138486981121
4,330,813,38.02864185603614,21.378623067259387
4,330A,926,62.83699771189087,14.73654110983679
4,331,12832,169.49521671204695,75.70715120415525
4,332,546,884.2155095518353,0.6174965199114638
4,333,405,138.05536379562758,2.9336056844524205
4,334,314,1405.7056056263634,0.22337536305127406
4,335,3086,441.18555766504227,6.994789259042244
4,336,11327,199.8531298292601,56.67662052466709
4,337,2349,262.4147947276364,8.951477002041965
4,337A,589,177.7656410578794,3.313351199336801
4,338,1815,262.9219784403436,6.903188583801941
4,339,1628,184.3974430691961,8.82875582710268
4,33A,358,12.709667034510652,28.167535705531858
4,34,14355,175.84060963172757,81.63643216469988
4,340,10177,507.67576054118456,20.04625942580216
4,341,4996,227.40746290980988,21.96937574551553
4,342,4616,469.1350157424936,9.83938492140545
4,343,677,346.99441519892235,1.9510400466010225
4,344,11505,375.22913769800357,30.66126492889684
4,345,455,207.41275758345947,2.1936934125998278
4,346,1227,277.448262402096,4.422446150416873
4,347,258,292.4360281892566,0.8822442350811489
4,347A,272,178.11539998146768,1.5270998466628978
4,348,45031,549.8027437099004,81.90392011532103
4,349,4984,257.4719793970641,19.357446242
4,349A,422,208.31835239960552,2.0257456682957096
4,35,15820,99.43511879383293,159.09871876153653
4,350,414,385.72760259535335,1.07329627751402
4,351,1239,217.60553117321527,5.693789093135454
4,351A,900,228.84142374604892,3.932854398768086
4,352,1847,204.7922377417041,9.018896518575787
4,352A,222,299.2480536110892,0.7418594618112945
4,353,70,236.6434785448277,0.2958036301293627
4,354,301,237.70721766281326,1.2662636118477786
4,355,1480,71.20721463138075,20.784410788450774
4,356,363,164.53922470350375,2.206160875342147
4,357,2854,177.40421908466354,16.087554257308675
4,358,762,232.10842169199753,3.2829485222692876
4,359,8896,486.475201518012,18.286646415358174
4,35A,1682,52.571764795699956,31.994360595206366
4,36,436,267.5105135199391,1.6298424845552937
4,360,166,234.60454372636647,0.7075736785115972
4,360A,301,169.2604749297927,1.7783242078509547
4,360B,128,71.01136950190762,1.8025282556557574
4,361,2077,811.8452080832261,2.558369476496407
4,362,20,254.4829225135568,0.07859073529358168
4,363,33,1877.7224119569823,0.017574482676386147
4,364,4917,196.45080107621575,25.029167471261076
4,365,11,193.5600562641792,0.05682990701855718
4,366,1111,721.5172279338112,1.5398107723380905
4,367,356,1443.0936436869683,0.24669223758096082
4,368,770,671.1685119242014,1.147252867677678
4,369,661,245.7274335691766,2.6899723421150568
4,37,23027,120.36245163960164,191.31381661241983
4,370,56,281.70550198491736,0.19878915962031252
4,370A,12,129.6340699900112,0.09256825771901357
4,371,2120,378.89992344630076,5.595144967878187
4,372,1267,314.42607360244455,4.029564041822992
4,372A,435,140.74142414461866,3.090774465611605
4,373,4352,219.2005703549902,19.853962938837423
4,374,2006,150.26850299530844,13.349437573505538
4,375,32352,542.1162854006229,59.677233226985486
4,376,447,152.1097473377734,2.938667691080942
4,377,285,208.3783922490788,1.3677041891144543
4,378,7916,941.5212917652595,8.407669661042164
4,379,35,60.18148722553923,0.5815741952144221
4,38,13128,109.84826371072226,119.5103095536555
4,381,1749,277.8117461729054,6.295630131173257
4,382,760,288.61328051375386,2.6332814576208743
4,384,1653,68.5477081096539,24.11459180160686
4,385,1406,455.799266585207,3.0846912293948647
4,386,664,295.71626040951077,2.245395633910987
4,387,1575,343.4307791437863,4.586077007793716
4,389,5302,510.01553388151194,10.395761791113943
4,39,71,76.15922819444182,0.9322573466570615
4,390,662,236.90499823547697,2.7943690716984806
4,391,6667,146.02122071407848,45.657747328756635
4,392,3581,449.8200664612104,7.9609609864054445
4,393,4621,132.1098098074444,34.9784774252215
4,394,2682,358.5196964521617,7.480760545488933
4,395,2488,834.6622306074569,2.980846513432463
4,396,7734,462.05443609785715,16.738287517192106
4,396A,44,486.13826442554296,0.09050923002737433
4,397,1648,991.5600032448808,1.6620275067640071
4,397A,7,380.7070910138369,0.018386839029866098
4,4,21504,5.189889331418259,4143.440953513266
4,40,21260,61.28482172732532,346.9048191833234
4,400,3026,257.06304679358834,11.771431319063765
4,401,305,460.07105872227896,0.6629410701187198
4,402,1679,560.1684122253806,2.9973128854764193
4,40A,15013,24.240009637026724,619.3479385861124
4,41,33709,36.91298059835899,913.2017911742021
4,41A,15678,2.1982093787826575,7132.168642043685
4,42,785,87.48136970484575,8.973339153793765
4,43,20,616.6570987296346,0.03243293564803142
4,43A,233,401.57386572596636,0.5802170407149926
4,43B,252,127.9654210681876,1.9692819974055287
4,43C,4,10.650594813509382,0.3755658787175282
4,44,27446,155.29669837068607,176.73266906478372
4,44A,1325,4.642357952016553,285.4153026748928
4,45,1962,148.82847905477945,13.182960764369867
4,46,664,86.18372077063025,7.704471262817402
4,46B,334,155.675648755248,2.1454864821222754
4,47,134,20.50910062442012,6.533684848200833
4,48,562,401.776215059799,1.3987886264406018
4,49,147,19.479696372321087,7.5463188537617
4,4A,17944,3.447182855281795,5205.40996904359
4,4B,15099,5.058957108598144,2984.6072373964025
4,4C,5172,3.562377465888081,1451.839410485
4,4D,3976,13.177258787600532,301.73195078640447
4,4E,3742,2.8362836443922013,1319.3320799908531
4,4F,4032,5.145149443498064,783.650707190876
4,5,11946,1.569995617005289,7608.938439450279
4,50,1484,277.875318401381,5.3405246948072405
4,50A,715,164.18364351334068,4.354879601279545
4,51,1598,13.155109193125549,121.4737161463521
4,51A,86,49.86959201865455,1.7244977654485376
4,52,109,95.88312121975018,1.136800707083657
4,53,21,169.03485098675668,0.1242347354844906
4,53A,51,648.4781971548548,0.07864566645996479
4,53B,52,237.7485507494247,0.21871847309305134
4,54,3384,55.111859841700955,61.402391603548494
4,54A,47,154.53909088222773,0.30413017011869253
4,55,3067,462.21416402159167,6.635452218328665
4,55A,206,966.6016719154456,0.2131177774519927
4,56,8454,227.00900990455034,37.2408126160042
4,57,1347,257.8905117531617,5.223146795293006
4,58,428,378.89278239828906,1.1296071603446112
4,59,1822,1048.2147694549974,1.7381934056770827
4,5A,5541,2.6941412285143764,2056.6850547235267
4,5B,1849,1.5986326507409991,1156.6134340762717
4,5C,17752,3.2611548020849086,5443.470511933644
4,5D,12315,2.45247602521257,5021.455815835177
4,5E,4178,3.113885748371996,1341.7319508862342
4,5F,5221,6.726482335368874,776.1857891973019
4,5G,16210,2.757675715666603,5878.138574419587
4,5H,2083,2.7853686417029944,747.836379290333
4,5I,5481,4.685857283636198,1169.6899133357251
4,6,5630,1.0487007300277285,5368.5478028141915
4,60,3325,1232.4290899331763,2.6979239837484568
4,61,7768,1107.0391554259559,7.016915311374966
4,62,1136,409.8846732293257,2.7715112913344315
4,63,4653,900.5983231910908,5.166565249103531
4,65,16,187.0719714788626,0.08552857958097615
4,66,1614,998.6559962770222,1.616172141374981
4,67,47,525.0705651072976,0.08951177827002281
4,68,233,507.5839433113871,0.4590373731681691
4,69,44,460.97701240011884,0.09544944501876566
4,6A,331,1.7248688738628692,191.89864517568842
4,6B,222,6.4385916092506275,34.47959017637369
4,6C,12590,1.6238129419350211,7753.356113172181
4,6D,6605,1.1402659331602736,5792.508403451192
4,6E,2910,3.372932449423111,862.7507498698087
4,6F,8115,1.0636974019597596,7629.049375366431
4,7,145,6.138284074202074,23.62223680872065
4,70,5252,3097.6951358237848,1.6954541262832536
4,71,352,280.9140288910055,1.2530524067794984
4,72,2910,1646.6728258373387,1.7671998677212974
4,73,1825,388.10722128304604,4.7023087948910645
4,74,3169,360.0726699676456,8.801001198687896
4,75,1124,395.01214187646497,2.845482153182817
4,76,1108,299.0487899038692,3.7050810349581167
4,77,3793,314.1278794027656,12.07470030107301
4,78,1459,312.141517057286,4.6741619434502715
4,79,3189,540.8757839591534,5.895993303040595
4,7A,6894,3.977631435724815,1733.1922555926192
4,7B,21811,3.3448377412685173,6520.794635535372
4,7C,20,4.010719951776123,4.9866358759711265
4,7D,9982,1.5242436524309397,6548.82176093055
4,7E,17178,3.3570952907523703,5116.9235640463985
4,7F,7914,2.0918202509534676,3783.3078613675043
4,7G,12818,2.384047615146648,5376.570467201653
4,8,695,2.994792084634729,232.0695328286098
4,80,677,112.60548257208097,6.012140657242324
4,81,59,553.1445888992621,0.10666288920480609
4,82,635,76.24667629618301,8.328231876407559
4,83,1562,232.56587099827598,6.716376712091084
4,84,116,351.7788852209668,0.32975259423866676
4,86,762,125.4450019094113,6.0743751317431505
4,87,2189,439.41937139925193,4.981573736791629
4,88,3525,45.78638028998115,76.98795968746475
4,88A,32,131.43525069338347,0.24346588781308498
4,88B,96,186.2038693011912,0.5155639373138734
4,89,74418,172.14437760922345,432.2999161142089
4,8A,4297,3.9927151344496137,1076.2100113090917
4,8B,19510,3.064201029603517,6367.075727575366
4,8C,8278,1.4100635681123956,5870.657314465247
4,9,5625,1.4103955130102106,3988.2429773153126
4,90,23555,9.538019471130893,2469.59026151025
4,91,575,120.76496954427031,4.761314495170846
4,91A,25,18.2913367145157,1.366767251086708
4,91B,137,18.94408487311031,7.2318088161894325
4,91C,334,46.193710591652646,7.230421538389144
4,92,502,296.35766741389693,1.6938991468673572
4,93,408,484.61336431636266,0.8419082717117385
4,94,681,639.1613414233261,1.0654586813456284
4,95,20804,147.36759639503592,141.17078997632876
4,96A,752,460.5414274152763,1.632860705323501
4,97,96,318.6048855291341,0.30131364696609936
4,98,66,299.7363907725221,0.22019348344689035
4,99,5090,1286.679899983223,3.9559178627616456
4,9A,4672,1.082518116037827,4315.863107307799
4,9B,7387,1.5020272117041904,4918.020088077337
4,9C,13309,1.6710457798017662,7964.473601422714
4,9D,9193,2.1754741784251443,4225.745398943296
4,9E,5064,0.8165175364707705,6201.948854507278
4,9F,14778,2.1781468308956065,6784.666575450108
4,9G,5391,1.123529316824701,4798.272656770498
5,1,8958,3.411348594648494,2625.9409589664156
5,10,13988,52.68193413257479,265.5179660792068
5,100,2185,107.66505515018385,20.29442140676105
5,100A,1040,141.0029295159134,7.375733281361556
5,101,4559,17.822348547343545,255.80242625652878
5,102,117,1396.3224422670405,0.08379153443243467
5,103,123,1136.0646240840422,0.10826848877472034
5,104,97,946.4384195748851,0.10248949957417178
5,105,2998,160.92084820925118,18.63027714160189
5,105A,2401,214.46286480226462,11.195411393080704
5,106,9519,256.9117567678016,37.051632512883906
5,107,133,1179.6068409819218,0.1127494308945249
5,108,7217,70.70528840410488,102.07157290346345
5,109,1412,271.77220205058063,5.19552768585658
5,11,14765,96.1036890053085,153.63614188821018
5,110,856,240.71633593778247,3.5560527982664576
5,111,104,421.34044203519755,0.24683127852064138
5,112,21969,23.488093589284272,935.3249516181546
5,113,504,1173.5975874865585,0.4294487355579814
5,114,1554,5102.830894098519,0.30453684087340976
5,115,212,812.2160802053405,0.26101428568910284
5,116,29,759.5571114155226,0.03818014414473079
5,117,1517,242.45482920183017,6.256835572193045
5,117A,232,88.44240212988376,2.6231761509518026
5,118,13179,9.934181937606343,1326.631632355175
5,119,5728,620.073227500516,9.237618632704526
5,11A,2623,81.81651403773134,32.05954239006505
5,12,11162,4.071311852232626,2741.6224561326544
5,120,204,943.3608927067345,0.2162480992981104
5,121,6899,457.76041536716946,15.071202682447574
5,122,814,11.82624818214407,68.82994399094572
5,123,337,841.294150795948,0.40057333060162664
5,124,11,898.6453853043827,0.0122406459543262
5,125,132,299.6575472568676,0.44050283801745566
5,126,5652,44.64960684149433,126.5856611025612
5,127,1297,5.520707286240351,234.93366569761898
5,128,7126,66.66241736881281,106.89681354600577
5,128A,608,57.50281083271033,10.573396173081345
5,129,286,134.16558304376474,2.131694235672251
5,12A,15011,5.009029322122674,2996.7882067894934
5,12B,23126,7.466184529993651,3097.4321498613785
5,12C,13515,3.6205797379071805,3732.8276072748877
5,13,1876,745.2169852031116,2.517387602872054
5,130,983,63.95056409437046,15.371248305947828
5,130A,91,112.89259709161058,0.8060758840205875
5,131,10134,123.40805741250976,82.11781477222026
5,132,6336,15.717016334071591,403.12994943351435
5,133,318,684.0537046295186,0.46487578072868974
5,134,178,531.8090877789002,0.33470657815084864
5,135,472,706.1180461911189,0.6684434742123101
5,136,4966,7.388021641039973,672.169119323392
5,137,867,160.49239416001132,5.402125157006498
5,138,1277,984.1223597767662,1.2976028715470593
5,139,275,790.3599147783345,0.34794274716870843
5,13A,6950,111.16497352152335,62.51969284780486
5,14,1768,1027.5489190411815,1.7205993478634014
5,140,2924,1147.6470392979584,2.5478216732809043
5,141,7486,13.14256125733487,569.5997799380284
5,142,484,169.66100115808825,2.85274751826446
5,143,2333,170.10042602117926,13.715427142490034
5,144,713,563.363537023487,1.2656126162639358
5,145,1583,14.649781685565017,108.05621776328515
5,146,604,479.2428341458342,1.2603214006872392
5,147,608,413.7943591101263,1.4693288746311504
5,15,2897,869.8524601716298,3.3304498551724455
5,16,5223,2066.523152572065,2.527433575326401
5,17,32345,49.054349999072,659.3706776384132
5,18,1429,2156.1621992013875,0.6627516244043615
5,19,678,1681.643596061831,0.4031769880299126
5,2,11251,6.418480010735903,1752.907227440291
5,20,120,1513.088276740221,0.07930799666132272
5,21,329,1419.9177980972643,0.23170355385422356
5,22,5506,1554.2863921454946,3.5424616903450254
5,23,16958,211.00259710044253,80.36867902591534
5,24,16968,170.47413950345748,99.5341583739501
5,25,2144,1641.293454040326,1.3062868158781573
5,26,1620,582.7141636849411,2.780093742282697
5,27,752,1332.36860142451,0.5644083770782309
5,28,406,4154.823037184553,0.09771775990611604
5,29,72,1719.4851846244824,0.04187299817632569
5,2A,14341,11.917056162690011,1203.4012262943668
5,3,5551,1.3886311153945168,3997.461916603341
5,30,17572,28.860193705349648,608.8663222223204
5,31,5530,702.047550647749,7.876959324048219
5,32,7949,257.2645329169998,30.898157277530956
5,32A,691,345.9293947169562,1.9975174430186393
5,33,1332,653.6020420133318,2.037937329413715
5,34,938,983.7550160227829,0.9534894203561314
5,35,227,952.784767524828,0.23824898102612116
5,36,12412,73.08423305635553,169.83143259407348
5,37,6481,78.7336569943191,82.31549565222946
5,37A,940,30.075472102117903,31.254704724445723
5,37B,2289,217.9976602299287,10.50011269655703
5,38,4356,632.1474067990298,6.890797863202886
5,39,2748,444.0389519222133,6.188646262009452
5,4,7639,1.3729956301468134,5563.74676821307
5,40,21415,21.87523163115179,978.9610624969845
5,41,1911,950.4060527768055,2.0107195176384063
5,42,143,1485.9522626340051,0.09623458545466165
5,43,1493,754.9843263931357,1.9775244966112906
5,44,1022,239.8829173124672,4.260411751907957
5,45,29477,793.1045022012605,37.16660278460988
5,46,54,711.9029408663536,0.07585303683994402
5,47,8,675.4634343104395,0.011843720316506786
5,48,62,1363.1798724957412,0.04548189219261943
5,49,37454,26.143956052659576,1432.6064473394752
5,5,16707,2.2052524069232375,7576.0035212067005
5,50,1218,1041.1148015523527,1.1698998018123485
5,51,159,1820.1124381970408,0.0873572404996592
5,52,791,717.2855436679862,1.1027686351450217
5,53,3974,1108.4647859414254,3.585138698497183
5,54,4841,153.61985918075735,31.51285273802927
5,55,22450,24.440312945448476,918.5643428588286
5,56,1366,221.01237149756247,6.18064948466048
5,57,1186,698.7151394341955,1.6974013200292144
5,58,41,685.3322396554707,0.0598249981944691
5,59,1740,761.7847242321133,2.284109860241603
5,59A,7519,324.4809707802966,23.172391225034435
5,5A,23914,2.598037375002052,9204.640483657828
5,5B,21860,6.5037060654795615,3361.160510624663
5,5C,26524,5.581161297172504,4752.41595569679
5,5D,16258,5.735731522756888,2834.5120296330692
5,5E,15016,2.7646520192919968,5431.424966041645
5,5F,18667,3.706616502576435,5036.129307422211
5,6,9770,4.251456619383947,2298.035914433419
5,60,13393,8.170758637988131,1639.1378809958007
5,61,1786,170.38970016088967,10.481854233639579
5,62,651,437.90204222132235,1.4866338523970042
5,63,1448,364.24051094201184,3.9753952580813445
5,64,357,456.34315970605235,0.7823060177563679
5,65,478,852.5838408661596,0.5606486741695559
5,66,477,313.84798433575537,1.5198440767735
5,67,27116,8.756209614248476,3096.7737405321695
5,68,2853,219.17487894762078,13.017002740910925
5,69,171,469.5700432030454,0.3641629240944964
5,7,17624,3.382094926355574,5210.971419714408
5,70,2741,622.196992883718,4.405357196112749
5,71,1068,457.62701601409265,2.3337783011637385
5,72,9577,21.606195293475334,443.2524963287763
5,73,1046,299.13369012650315,3.496764271378621
5,73A,1972,187.2649581030717,10.530533955608501
5,74,664,513.5792952484868,1.2928870111065023
5,75,249,738.04376423501,0.3373783670648462
5,76,1725,290.43748752380793,5.939315942672852
5,77,7899,7.274098131019044,1085.9078139620055
5,78,2376,310.8778770129759,7.642872573723948
5,79,3370,397.40670875611994,8.47997762933614
5,7A,11657,4.633902883485578,2515.5900529429555
5,7B,18706,7.982221748466398,2343.45782282908
5,8,18407,149.62926644759517,123.01737779652021
5,80,2257,529.1132331254073,4.265627579692491
5,81,355,189.2847952005957,1.875480804592818
5,82,2496,627.426985233855,3.9781521336218733
5,83,4745,6.116173066456389,775.811924947568
5,84,1186,400.18197069699545,2.963651755560972
5,85,2118,728.5470576354726,2.9071560687844245
5,86,348,201.0075132234856,1.7312785697372624
5,87,307,206.65556750116326,1.4855636541138526
5,87A,150,510.2254418712984,0.29398769189137514
5,88,1608,217.02381861038938,7.409324977765467
5,89,346,11.928906073086239,29.00517431188752
5,9,17336,66.8507265712906,259.3240326492583
5,90,4302,332.2410617939872,12.948429603405078
5,91,11452,6.9576510062143635,1645.9578081411987
5,92,3765,403.75621482393194,9.32493386297923
5,93,1705,521.4207343167379,3.2699121607317876
5,94,3602,517.8643519530167,6.955489379440413
5,95,460,477.81954698245335,0.9627065340985146
5,96,7382,16.901193206007225,436.7738957848373
5,97,1055,471.5513392094071,2.2372961590328435
5,98,838,2869.5848040098936,0.29202830975024596
5,99,37,3082.756656578589,0.012002244783428546
5,9A,1912,18.464765484422372,103.54856668031019
6,1,5138,0.911579156949878,5636.372838088603
6,10,10132,12.019730774285124,842.9473330364675
6,100,1682,370.8851572601002,4.535096557720752
6,101,1955,275.4923793421137,7.096385042187427
6,102,139,481.7435161943282,0.2885352793081069
6,103,871,597.3668263344531,1.4580655664202309
6,104,22429,320.6017984988782,69.95905857364826
6,105,4043,475.7528830861709,8.498109299461062
6,106,102,358.5953449209821,0.28444317932369173
6,107,352,427.9590893173774,0.8225085266011359
6,108,21482,1599.556603105919,13.42997175485231
6,109,413,791.169639002711,0.5220119423700292
6,110,134,401.91777571410364,0.3334015266229934
6,111,3546,163.19334821379942,21.72882681072509
6,112,6751,326.8226124311447,20.65646544399466
6,113,9823,650.5857300161194,15.098701903216687
6,114,275,334.3514302990465,0.8224878827467191
6,115,11213,416.3444685848108,26.932025872984244
6,116,1,869.7031664895702,0.0011498175912551336
6,117,24928,971.4103817615553,25.661656976318877
6,117A,326,,
6,118,780,1337.9110834684184,0.582998384300635
6,118A,579,,
6,119,28316,724.5263680461667,39.08208348077086
6,11A,9432,13.730672694230691,686.9291993219755
6,11B,20880,41.51780594229655,502.91674923814696
6,12,12180,491.6333198885725,24.774561664698737
6,120,826,636.627126952316,1.2974627769229008
6,121,878,455.2365043642064,1.9286678277837905
6,122,13760,756.917281331493,18.179000981183556
6,123,531,306.9700671209372,1.729810352456292
6,124,693,154.23976868327424,4.493004663557622
6,125,4841,1077.6254891900285,4.492284238412569
6,126,6323,1110.3560721686385,5.694569659668305
6,127,208,432.0007033400158,0.4814806975818485
6,128,8911,870.4965175026567,10.236686558568344
6,129,1572,1420.6946249266896,1.1065009836868482
6,130,5660,754.8924537486988,7.4977567624277714
6,131,10495,1846.758506025583,5.682930370027825
6,132,6163,5588.311159005986,1.1028376596510485
6,132A,910,,
6,133,9958,8597.990044369235,1.158177661129234
6,134A,1732,2317.929459600191,0.7472185975403862
6,134B,6072,3367.3840609897247,1.803180121430921
6,134C,1179,2956.3089744629688,0.39880811179899506
6,134D,6449,1177.237930510047,5.4780769739605
6,135A,2889,4788.672618601742,0.603298707198649
6,135B,10957,1302.8663003739453,8.409918958572458
6,135C,1295,2590.1894328334474,0.4999634326294737
6,136,32084,3404.827824400502,9.423090286701685
6,137,1191,492.55312670882165,2.418013276980116
6,138A,531,1134.05214830797,0.4682324360412027
6,138B,8717,895.4628325421818,9.734630721917066
6,139,3475,2099.3802031074597,1.6552504376560166
6,13A,13436,9.831868349805823,1366.5764757992672
6,13B,23608,8.134210999380961,2902.3097632698045
6,14,5974,0.9518691928768476,6276.072431701142
6,15,16662,5.004319659510977,3329.5235184133326
6,16A,31187,13.160437237807821,2369.7540922428293
6,16B,15889,2.9555544356439873,5375.979480661447
6,16C,11536,2.9371167954382384,3927.6613098658704
6,17,3817,0.7437935139301131,5131.800598571293
6,18,10912,4.311571610010636,2530.863681972589
6,19A,6673,1.5981998676017235,4175.322583409782
6,19B,7140,1.270891016892056,5618.105648004939
6,2,4691,0.9474443723879459,4951.214168043205
6,20,2608,62.482086523431995,41.739963325679746
6,21,10483,61.1910532545096,171.31589411279555
6,22A,9616,7.718291244146976,1245.8716179299552
6,22B,11872,5.609460144327486,2116.424699443751
6,23,12137,61.31002709765517,197.96109338963552
6,24,469,491.2443950862087,0.9547182719869912
6,25,17,697.7853061371303,0.02436279447343238
6,26,5739,1260.7745086461814,4.551963860819595
6,27,485,286.59262922373415,1.6922975350541039
6,28,4875,491.27829309227224,9.923092610738195
6,28A,919,,
6,29,7479,209.76738582207966,35.65377892606972
6,3,4616,0.9539178238645816,4838.991246960167
6,30,263,330.2631107143741,0.7963347751164793
6,31,3,369.118882176329,0.008127462844252148
6,32,10098,119.3456729527413,84.61136252504625
6,33,2321,182.23100086813136,12.73658153082063
6,34,1089,121.52231596501076,8.961317033437297
6,35,15,271.6771092367369,0.05521260161425356
6,36,4,,
6,37,1176,421.16325102532255,2.7922664124588894
6,38,5891,601.6828815142838,9.79087187119873
6,39,3121,279.3242472595024,11.173394471194896
6,4,4764,0.9159113224513841,5201.376905407641
6,40,3853,330.62459225615584,11.653700572324144
6,41,4520,546.7901449242776,8.266425505210877
6,42,2225,405.34414932391877,5.489162736679733
6,43,4029,362.98084075565447,11.09975940221092
6,44,5301,286.2866197227487,18.516408503945097
6,45,233,544.0981548471259,0.42823155697976134
6,46,150,298.2183708870656,0.5029871216646293
6,47,10855,912.070267254735,11.901495301094245
6,48,135,589.3640615506462,0.22906045483127743
6,49,2144,172.16879156825513,12.45289567563716
6,50,435,117.65578958239693,3.6972256235241185
6,51,188,,
6,52,6464,332.33064567341376,19.45050835411751
6,53,9815,137.27585881127897,71.49836894113514
6,54,3329,758.419036300591,4.3893940429530405
6,55A,2099,380.399053928133,5.51788964332323
6,55B,1008,159.03077079232088,6.3383959907756
6,56,10,402.4142642172174,0.02485001375249995
6,57,216,523.030176964118,0.4129780833177786
6,58,979,447.4676284320734,2.1878677647149942
6,59,881,130.45736155238578,6.7531643252361055
6,5A,10034,4.660462366738903,2153.0052622270523
6,5B,7592,5.623460800494022,1350.058312726754
6,6,2905,0.9382798996059442,3096.0910504637613
6,60,2057,477.1971037931214,4.310587771068636
6,61,1407,485.1034064808873,2.900412533086252
6,62,28961,1992.7720725014096,14.533021814003526
6,63,617,747.4537157389738,0.8254691722148976
6,64,4360,1028.6566580589779,4.238537675172487
6,65,14140,1791.8942566808662,7.891090641805832
6,66,1589,101.37898338353266,15.67386007402109
6,67,1305,238.3905934224338,5.474209285126905
6,68,1512,2563.9091743630943,0.5897244781986472
6,69,196,1317.9098738060425,0.1487203365689674
6,70,1454,596.0182594971161,2.439522576417032
6,71,112,734.0681184525721,0.15257439627823352
6,72,27,822.1156961658885,0.03284209281725218
6,73,215,390.1546852253783,0.5510634836431665
6,74,12227,787.7689667451301,15.521048068850684
6,75,1609,988.0689583716128,1.6284288524271755
6,76,1433,1495.896984115549,0.9579536660723085
6,77,7214,54.89225013656507,131.42110192335838
6,78,19543,200.5101744076374,97.46637574744241
6,79,14931,596.0656709758314,25.0492533407538
6,7A,11262,1.8844871136222519,5976.161852522747
6,7B,13087,3.7006547326023904,3536.4012440028155
6,80,9810,1005.5409563716348,9.755942746875396
6,81,319,204.01505271075584,1.5636101148490504
6,82,650,219.77347535239142,2.957590760021292
6,83,378,191.87631599218508,1.9700190617345161
6,84,9666,659.314773299514,14.660675585391324
6,85,4304,336.59446436693156,12.786900723679409
6,86,4597,390.1466293948497,11.782749493774519
6,87,1744,432.09043630641276,4.0361920872584625
6,88,28879,1.8248834928946769,15825.119856934753
6,89,25523,27.4817790068546,928.7244466100235
6,8A,25160,5.6102383889853655,4484.6579156773205
6,8B,15518,6.484219644699028,2393.1946865319806
6,9,11029,22.246009587297984,495.7743075997474
6,90,2148,28.43963380311202,75.5283986731557
6,91,3900,59.21273185581118,65.86421328265826
6,92,8970,53.80040566086524,166.72736738349235
6,93,2763,49.870588326275886,55.40339692652526
6,94,13561,41.38331639727279,327.6924417998961
6,95,323,268.4682728583644,1.203121681981412
6,96,1004,392.2482616477409,2.5596034403885866
6,97,556,122.5202413986097,4.5380256654171856
6,98,25572,597.8000446419736,42.77684524984477
6,99,802,309.94003294633046,2.5875973244762323
7,1,2442,0.8918720707557857,2738.0608498375927
7,10,4974,1.7905079190886632,2777.982686908013
7,100,4660,1.1600829629484122,4016.954087625219
7,101,3162,0.39003284858392223,8107.0094774841555
7,102,6003,1.03195970938367,5817.087571747588
7,103,8103,1.27033573959879,6378.6286943002715
7,104,6916,0.8532587260247134,8105.396158350788
7,105,18143,2.427089888471808,7475.207278550178
7,106,4819,1.094702988041938,4402.107286305666
7,107,12289,2.8805670015772717,4266.173983549448
7,108,3969,11.159716306492852,355.65420222114335
7,109,26081,1173.3054523779301,22.228653201211856
7,11,3568,0.7134040773527265,5001.373153402771
7,12,3455,0.9251602352614569,3734.4882197877782
7,13,1689,0.5898208803484962,2863.5812265616178
7,14,3280,1.1597614784404486,2828.1677405001183
7,15,2193,0.5007864920695384,4379.111726710639
7,16,4445,0.9808904927512792,4531.596577648859
7,17,2333,0.6216308088811372,3753.0314885761973
7,18,3389,0.8395083885733624,4036.8864041479965
7,18A,2892,2.0164549682321233,1434.2001411196843
7,19,3655,1.4943660110812087,2445.8532734932337
7,2,4901,174.6733068205616,28.058093644695806
7,20,4684,1.5984963371622865,2930.2538211099195
7,21,2751,0.6662693742945898,4128.960606830549
7,21A,1481,1.3733337285130014,1078.3977479411185
7,22,877,65.81737737973478,13.324748492182081
7,23,9139,28.738995252197807,317.99998294307443
7,24,519,55.37270691670318,9.372848627045242
7,25,7205,12.603450968675146,571.6688245074656
7,26,10881,57.42244619047177,189.4903599875811
7,27,4642,0.9086758009273299,5108.532652968974
7,28,14716,5.385043435611319,2732.7541877718236
7,28A,15727,856.1378108927632,18.36970613831458
7,29,7534,1.9144050465707267,3935.4263161265962
7,3,14095,1507.648053413057,9.348998904678936
7,30,19071,3.0056205627479993,6345.11229939272
7,31,7460,8036.565473608529,0.9282572293472969
7,32,764,3978.938482756016,0.1920110108037696
7,33,613,12199.905467335771,0.050246290976701115
7,34,800,7285.965840521614,0.10980013048520232
7,35,716,5342.3068955400195,0.1340244980305693
7,36A,313,4077.1488187252353,0.07676933413920928
7,36B,86,6648.177542603421,0.012935875952302332
7,37,1302,7544.696957331498,0.17257154361048155
7,39,4324,1477.2122705880256,2.927135176232167
7,4,3181,863.6270396075942,3.683302923731232
7,40,1526,1768.3647380667328,0.8629441467308954
7,41,2501,2650.061502775241,0.9437516817556353
7,42,2289,1717.8491842636054,1.332480185669635
7,43,4338,368.4554819579783,11.77347118557661
7,44A,5748,163.10153014120087,35.24185208455015
7,44B,1414,21.0304685573806,67.23578203414586
7,44C,58,700.9687023135047,0.08274263859224316
7,44D,844,14.24948151514491,59.230225261386785
7,44E,1134,6.528967209881784,173.6875011845147
7,45,65,726.5951489608184,0.08945834567291493
7,46,8193,1319.731395205169,6.208081454882941
7,47,9591,6.987625377422338,1372.569289559999
7,48,12580,149.74857084230845,84.00747953212368
7,48A,128,210.93902123292014,0.6068104386369634
7,49,248,3039.294149635325,0.08159789338908072
7,5,8604,77.58230383231238,110.90157903272404
7,50A,5475,509.6481664508755,10.742705184494625
7,50B,594,23.101623499763914,25.712478605933057
7,51,3415,735.688078334618,4.64191292555747
7,52,227,44.173057878081146,5.138879011421991
7,53,439,1175.601516394744,0.3734258538099677
7,54A,1917,466.00259863226734,4.11371096561791
7,54B,255,816.7686011441019,0.31220592912460715
7,55,381,2198.048690471269,0.17333555969513684
7,56,1289,4072.3444155787247,0.31652529070697943
7,57,538,3191.136606524663,0.1685919677960493
7,58,297,4394.58203858911,0.06758321892549136
7,58A,215,1122.0973247796198,0.19160548310034162
7,59,186,743.7091366442066,0.2500977745671869
7,6,4136,853.9113188782937,4.843594303718904
7,60,1047,2582.188740505888,0.40546997342838603
7,61,2145,4524.060281601166,0.4741316133039758
7,62,1766,6873.406941625124,0.256932262995395
7,63,1441,10538.116096333257,0.13674170855845824
7,63A,196,11795.960695745953,0.016615857330779735
7,65,43,3936.8009924804196,0.010922573958433046
7,66,614,11744.3519638614,0.052280449520700864
7,67,1474,15888.135713238447,0.09277362848630637
7,68,3029,2988.4621775143837,1.0135647768242237
7,69,3638,641.5525000251854,5.670619317759939
7,7,3669,0.46981638985090546,7809.433811290287
7,70,1254,93.2232984503413,13.451572952741932
7,71,2159,5093.275271188552,0.4238922667724146
7,72,604,1526.0817336496827,0.3957848303154189
7,73,203,1301.0171960223186,0.1560317577820221
7,74,121,1421.6246759213093,0.08511388557713645
7,75,1557,3247.4327105256993,0.47945566199213113
7,77,224,5854.685017129178,0.03825995751174288
7,78,2699,6348.650024766985,0.425129750336027
7,79,228,2849.1106646430967,0.08002497159181467
7,8,3369,0.544324253755208,6189.325529328879
7,80,175,336.5906709536871,0.5199193415080686
7,81,183,3008.6792336030144,0.06082403134110449
7,82,128,3107.888001778258,0.0411855253235514
7,83,3431,2215.96032558116,1.548312918959947
7,83A,2863,768.254024037164,3.7266319608128775
7,84,3293,1870.51207372612,1.7604804835288972
7,84A,1569,6661.446489195173,0.23553442972857452
7,86,14127,151.88174942628243,93.01315038418558
7,87,1256,229.00248125852553,5.4846567299071145
7,88,307,12511.017590148691,0.024538371702213502
7,89,817,4.424912224570531,184.63643085695233
7,9,9770,1.5580593720756397,6270.621116950409
7,90,517,13.551601244706307,38.15047319238064
7,91,6913,9.067464487576354,762.3961482806732
7,92,6273,94.82790442683932,66.15141437444377
7,93,3938,87.76299453959837,44.87084813660486
7,94,1447,12.552680376156395,115.2741850058217
7,95,15417,9.382412176647373,1643.1808483507673
7,96,7473,8.034299033742508,930.137149316305
7,97,10730,15.981291887261065,671.4100509329317
7,98,5213,1.033335700749277,5044.82715173784
7,99,3718,1.2108347217674538,3070.609004813506
7,9A,5147,487.63632625853563,10.554997080490589
8,1,12255,1.3984080004951815,8763.536818768527
8,10,6702,0.8578698901598818,7812.373504274575
8,100,61,85.55402610460226,0.7129997590694167
8,101,236,94.50669961154398,2.49717745905892
8,102,252,271.97049452386256,0.9265710989759208
8,103,113,237.60957188269217,0.47557006691543596
8,104,130,4250.429376232297,0.030585145286012434
8,105,991,520.464844546424,1.9040671245790657
8,106,781,135.76331204435573,5.752658713458881
8,107,228,199.7983514454434,1.1411505568015525
8,108,16,173.2371566520545,0.09235893909374117
8,109,25,175.22068100993184,0.14267722198033778
8,11,15659,9.619807938724543,1627.78717618308
8,110,55,262.81410409608065,0.20927339569223757
8,111,18648,7.855495134732432,2373.879644778772
8,112,3473,118.28701293690274,29.360788760914822
8,113,343,304.2563545129354,1.1273388210710893
8,114,407,347.60997294591385,1.1708524831746612
8,115,68,316.6062763821952,0.21477780155537082
8,116,84,145.4636763708894,0.5774637496843186
8,117,2001,70.27356070918435,28.474435901729976
8,118,2050,178.33403028564425,11.495282177587972
8,119,257,58.39847289444047,4.400800008324643
8,12,19807,3.128232110739819,6331.691287228585
8,120,372,368.8692926005539,1.0084873082749026
8,121,396,665.2271580061746,0.5952853776849627
8,122,374,391.3699064064914,0.9556176749357669
8,123,314,291.2043363337031,1.078280646343722
8,124,4707,79.22528177624098,59.41285274685626
8,125,431,479.3576054268396,0.8991199787395049
8,126,416,171.728300144721,2.4224312454582226
8,127,403,363.85463205459746,1.1075851851173593
8,128,29262,8.037896150245745,3640.5048601063804
8,129,5225,16.692408171981054,313.01654897047115
8,13,22533,41.003321521539526,549.5408460547068
8,130,6622,97.79369880652706,67.7139742213946
8,131,400,63.35608901438924,6.313521024145812
8,132,105,187.15103020418147,0.5610441998927026
8,133,240,508.57086868500807,0.4719106318860903
8,134,448,487.3674503325351,0.9192242930756366
8,135,4979,52.493843564805886,94.8492177726177
8,136,109,639.4677624364552,0.1704542533695457
8,137,216,259.22691539582746,0.833246808766667
8,138,897,527.9250097326692,1.6991049551795683
8,139,149,415.02997783981294,0.35901021120336707
8,14,4450,9.908101196558759,449.1274273163011
8,140,187,3260.13910711142,0.05735951560842677
8,141,12158,7.594586468200383,1600.8771578159365
8,142,321,39.35068124022647,8.157419131840996
8,143,668,64.98629785116775,10.279089932617183
8,144,65,199.42545816449052,0.3259363202585026
8,145,11,240.89332652563894,0.045663365435028934
8,146,579,52.46141433997393,11.036683003775224
8,147,247,48.73931663954856,5.067777249046957
8,148,160,251.65560243340798,0.6357895411541196
8,149,135,313.4622135350959,0.43067391912258385
8,15,17131,5.342908444162093,3206.306111930126
8,150,186,384.30804198263706,0.4839867493806009
8,151,2858,47.247705666133236,60.48970970559933
8,152,431,306.4786195874037,1.4062971197802736
8,153,299,187.24567587839002,1.5968326029285225
8,154,218,249.29381084615395,0.8744701653846264
8,155,427,158.84813173243575,2.688102122090048
8,156,6307,122.22102440032674,51.60323300303756
8,157,17028,4.061828212395593,4192.20092765991
8,158,11378,1.864485043562317,6102.489284795226
8,159,12322,10.53415810804699,1169.7185359869704
8,16,13112,1.9303937163586629,6792.396747298477
8,160,1650,89.72140375828424,18.39026063886847
8,161,209,95.04427823873583,2.1989750869066085
8,162,25523,14.1558176337776,1803.0042954988937
8,163,533,432.73577934322697,1.2316984761670189
8,164,1585,422.61070375053146,3.750496582158579
8,165,15,690.2175332270601,0.021732278995969037
8,166,1084,50.49750691592004,21.46640628823309
8,166A,12,154.8737447238166,0.07748246819626768
8,167,615,253.48250446414832,2.4262029495885127
8,168,1628,103.04939985814146,15.798248240563424
8,169,2556,118.51781956116946,21.566377186687916
8,17,20954,18.420723817000546,1137.523161856511
8,170,1901,137.62183307497304,13.813215225554954
8,171,1625,77.84678848592168,20.874335751100066
8,172,12,180.0840190728323,0.06663556300987918
8,173,348,339.31098982031256,1.025607806526658
8,174,1551,189.6223495775847,8.179415577621047
8,174A,32,306.70766966502543,0.1043338760812509
8,175,8672,46.367802928668965,187.0263297430931
8,176,30,105.54094159239496,0.28424988016367797
8,178,1845,347.839061386864,5.30417714630389
8,179,382,313.8994701934929,1.2169501266266196
8,18,5887,44.08974010118096,133.52312775012967
8,180,769,163.42568470998157,4.705502696009397
8,181,422,348.86970378472995,1.2096206561415694
8,182,18843,24.69286462580326,763.0949379728775
8,183,23900,2.1691221698993783,11018.282110457927
8,184,16827,37.74231076983692,445.8391565533895
8,185,18722,55.54339913297064,337.06975612312846
8,186,418,885.9041076058265,0.4718343626712075
8,187,215,275.3220280212422,0.7809037349652672
8,188,116,226.1890209334791,0.5128454047913976
8,189,3856,86.4375914910825,44.61022031598152
8,19,13276,76.30330606100844,173.989839829288
8,190,185,461.7311122668092,0.40066609133563996
8,191,90,436.0010533457515,0.20642151964855338
8,192,6642,89.0627509271112,74.5766319910307
8,193,371,166.92336348252272,2.2225768296290327
8,194,126,318.4276205175059,0.3956943175822055
8,195A,1009,775.8076180338517,1.3005801651666344
8,196,100,334.76314169306266,0.29871866865106644
8,197,16,528.6621958821652,0.03026507309322772
8,198,8797,97.3240720858332,90.38873745687137
8,199,10,72.29626677314577,0.13831972861584146
8,2,9836,1.7302621774776756,5684.6876317545275
8,20,178,48.97979011446334,3.6341519550006813
8,200,1725,175.15962801203509,9.848159759059756
8,201,275,77.49226894555214,3.548741103363761
8,202,1131,86.25020854530622,13.11301177209211
8,202A,78,128.91050094454,0.6050709556512952
8,203,148,795.9589716070012,0.1859392321455909
8,204,194,495.1979724272324,0.3917625087378717
8,205,314,79.141934475388,3.967555280034878
8,206,117,381.0742056754785,0.3070268159258116
8,207,60,409.4703405822857,0.1465307595042836
8,208,5063,276.6726033931057,18.299607326159144
8,209,165,176.80755932784083,0.9332180175286116
8,21,6766,57.82982780766076,116.99844624305976
8,210,74,249.2612198861307,0.2968773082062473
8,211,4257,1832.262469363715,2.3233570905801053
8,212,460,1332.9600586681192,0.34509661186669577
8,213,2263,50.311583221569165,44.97970159344589
8,213A,187,1024.0831183767089,0.18260236561307328
8,214,31245,6.338103211338299,4929.708298865423
8,215,1907,115.89967403915747,16.453885792256045
8,216,1820,36.38114076330585,50.025918973812345
8,217,77,359.2796680529449,0.21431772194983484
8,218,479,333.1234187990041,1.4379055117977553
8,219,2832,87.0469771785013,32.53415674840277
8,22,193,46.8735583790362,4.117459964087506
8,220,61,270.9489558000062,0.22513465615651065
8,221,669,261.82997714841406,2.555093222273736
8,222,1033,431.3972354660773,2.3945447839598626
8,223,676,813.2348329580318,0.8312482109763318
8,224,680,948.0024722126246,0.7172977074763206
8,225,652,220.05714484287674,2.9628667611112345
8,226,72,347.2984069331701,0.20731451271486773
8,227,422,588.0272087858026,0.7176538665130368
8,228,536,982.0312501174942,0.5458074780572113
8,229,1047,792.350974942962,1.3213841253560257
8,23,7641,36.91160947672298,207.00804186873862
8,230,23702,5.778127634392091,4102.020844766897
8,231,25369,4.291962233662146,5910.816223178583
8,232,13130,4.1466084323354755,3166.4431822429997
8,233,16652,4.7504052316802925,3505.3851593435384
8,234,3451,31.795591913851467,108.53705788369369
8,235,37299,24.6559277412123,1512.7802284095296
8,236,6134,8.211056714710468,747.0414848079993
8,237,7154,50.27558784366646,142.29570069365656
8,238,4645,121.3532572895112,38.276681679161456
8,239,87,251.91633816348127,0.34535274938595406
8,23A,1194,38.50032733708776,31.012723334687276
8,24,1404,47.77659321228546,29.386775104738316
8,240,2183,108.817891691596,20.061039283750365
8,241,627,101.36964997724465,6.185283269112089
8,242,2842,112.08027157807945,25.356826495733042
8,243,1036,25.607289910778007,40.45722931281188
8,244,134,1305.5014771790848,0.1026425495048431
8,245,39,230.69432393993404,0.1690548745800718
8,246,3542,193.28710830743694,18.325071087339133
8,247,286,169.05059242775906,1.6918012288079813
8,248,147,149.4742591418921,0.9834469215228332
8,249,1819,110.35014781076595,16.483892736775612
8,25,192,187.5876913481687,1.0235213121933566
8,250,555,79.56149934283812,6.97573580920656
8,251,475,215.25606091446554,2.2066742185194346
8,252,15619,7.068905697106332,2209.535771059114
8,253,1431,101.02794648525091,14.164397572991469
8,254,479,487.15561426090966,0.9832587082604334
8,255,187,784.1463971327455,0.23847587731547454
8,256,215,638.365966023516,0.3367974037514398
8,257,116,613.5094868036889,0.1890761308424848
8,258,1900,89.66172719157309,21.190758415130915
8,259,490,267.34728613528,1.8328220461233926
8,26,189,49.911505899442446,3.7867020157793174
8,260,79,291.086917882504,0.27139660062596155
8,261,64,261.45139387784513,0.2447873734798368
8,262,304,730.3777956179447,0.4162229490325582
8,263,3297,95.22592410683694,34.622924701691446
8,264,118,527.1774869310365,0.2238335341043051
8,265,10,328.8415952258868,0.03040977827981534
8,266,22941,8.25934925567161,2777.5795997785963
8,267,2383,126.40043124355572,18.852783780526007
8,268,14045,46.05774171534042,304.94330544482693
8,269,4208,18.858619496501113,223.13404227603831
8,27,512,60.897234349870175,8.407606773378724
8,270,240,120.03183468264326,1.9994695626751446
8,271,126,15.54020216554655,8.108002628134958
8,272,132,38.041112888415114,3.469930030364562
8,273,177,43.763068411573734,4.044506165230177
8,274,10579,217.7518621600425,48.582822186037994
8,275,291,269.53158306638034,1.0796508397620046
8,276,549,84.18132371096824,6.521636579212749
8,277,196,168.01486433609904,1.1665634512427374
8,278,55,25.562894412282844,2.151556044982636
8,279,91,187.62650147025312,0.48500611207328526
8,280,361,213.05849377133862,1.694370375055017
8,281,21,116.464963916755,0.18031173748536128
8,282,766,80.92455131757323,9.465607007124161
8,283,675,498.813015114032,1.353212485535668
8,285,37,99.89157937846969,0.3704015917078879
8,286,13,249.01912367859651,0.052204825910393986
8,287,2955,138.92034656430982,21.27118217799762
8,288,10053,6.717237306373261,1496.597416688226
8,289,1624,103.33803823183172,15.71541348943231
8,29,406,192.85847020837102,2.1051706962175083
8,290,419,650.663995260584,0.6439575618936698
8,291,316,763.4049021613112,0.4139349892899007
8,292,690,423.97705664564575,1.6274465544410168
8,293,264,797.7840057878886,0.3309166366894941
8,294,500,438.2457213854663,1.1409124507121353
8,295,556,10.456659642103594,53.17185593009777
8,296,14343,55.40650800701301,258.86850689425427
8,297,1235,48.8485207094002,25.28223950418097
8,298,352,217.64411061441018,1.617319205221325
8,299,1141,488.94680125715445,2.333587206351121
8,3,7676,1.2301003733700147,6240.141183739855
8,30,181,97.88052418434197,1.8491932027163656
8,300,938,593.2771307513613,1.5810486387905451
8,302,4114,72.00273496618361,57.136718513986416
8,303,520,196.17522956523084,2.6506914310865795
8,304,62,669.2748977671753,0.09263756971439308
8,304A,1258,82.16836945039329,15.310027549706705
8,305,34092,127.83845793934054,266.68031318225604
8,306,4050,80.96930352878691,50.01895562260961
8,307,149,173.18363521485284,0.8603584271409337
8,308,2023,106.77762720931518,18.94591641406614
8,309,113,14.636985893789664,7.720168675433706
8,31,208,186.43958391769993,1.1156429103157486
8,310,13190,116.07577685884849,113.632666150832
8,311,3849,74.34310934102794,51.77346003035471
8,312,43,472.0585367502473,0.09109039801720623
8,313,48,126.99763631337338,0.3779597903819049
8,314,268,247.88031275195436,1.0811669431294397
8,315,12,308.1890479771626,0.038937139651014537
8,32,5572,82.97744410401042,67.1507788672741
8,33,407,69.65403151754494,5.843165013319897
8,34,385,232.13191913433943,1.658539684829783
8,35,229,319.48160862164224,0.716786174290244
8,36,502,139.39756920838778,3.6012105723992343
8,37,8055,201.877085507083,39.90051659289179
8,38,885,99.4622724305784,8.897846171951308
8,39,502,96.34647383286978,5.210361936761785
8,4,10779,1.116193819465831,9656.924999959621
8,40,1696,121.20861749241467,13.992404460071802
8,41,1012,38.63837763409974,26.19157588818828
8,42,131,277.7929959267741,0.4715741646507583
8,43,5626,112.7615286014409,49.892902923347826
8,44,282,141.5155782487878,1.9927134771285548
8,45,254,389.0465974172465,0.6528780914322941
8,46,5036,81.39605037772205,61.87032388709544
8,47,161,159.2831164682663,1.0107788167999323
8,48,20938,73.69738151478892,284.1077874089509
8,49,168,90.32438577834257,1.8599628278931735
8,5,11576,5.014066388969662,2308.7049715707385
8,50,304,162.8251262021163,1.867033713351108
8,51,640,28.575140148776722,22.39709050131808
8,52,211,60.75690084263154,3.4728565327339207
8,53,1105,61.700754418222836,17.909019272439348
8,54,272,54.2452405641715,5.014264793944956
8,55,251,41.5473963407036,6.041293128014802
8,56,518,468.0586810445956,1.1066988413588383
8,57,10433,122.02064139446294,85.50192722125315
8,58,4867,79.99383699489347,60.84218713387498
8,59,21647,10.34189854982188,2093.135984240808
8,6,5180,7.541564215120581,686.8601595428008
8,60,2303,111.41447535232878,20.670563611390403
8,61,16328,133.0247212377452,122.74410235987773
8,62,261,459.9258406751966,0.5674827916101377
8,63,641,702.724518252836,0.9121639893733893
8,64,546,244.25962719941325,2.235326428113502
8,65,8373,72.79918416699105,115.0150251793141
8,66,330,150.8163901178224,2.1880910936947493
8,67,129,245.93177104489564,0.5245357257092685
8,68,600,638.8552382995535,0.939179901846035
8,69,2914,100.82791634706457,28.900726163670605
8,7,2863,1.535013998361374,1865.129570841862
8,70,137,219.80362652927622,0.623283619853072
8,71,1964,156.3371476608216,12.56259327604569
8,72,699,670.8340526194604,1.0419864603929359
8,73,361,689.8448977899346,0.5233060375695182
8,74,2531,157.8946854621689,16.029671882822303
8,75,632,1262.5180974778523,0.5005868836752155
8,76,794,626.9451781614479,1.266458420381268
8,77,13975,2.7103838601112304,5156.096228903342
8,78,431,2.198192943840958,196.07014079796963
8,79,1778,105.44375484765902,16.862070234209547
8,8,24961,5.528433181356984,4515.022463177023
8,80,2068,9.242482781993665,223.74940249051983
8,81,449,63.840314214999786,7.0331734033743825
8,82,1144,35.18671002961709,32.512275203822156
8,83,557,23.17277597305549,24.036826690408628
8,84,2870,33.1723411268567,86.51786104045625
8,85,79,90.33303422699134,0.8745416411175408
8,86,316,28.497201892783416,11.088807988549336
8,87,779,70.3177772911802,11.078279632961438
8,88,610,75.78765478013096,8.048804277816524
8,89,467,411.32469369309666,1.135356099841758
8,9,6848,24.454120596607677,280.0346049225736
8,90,107,169.9024324986581,0.6297732082255214
8,91,1101,986.7615038206255,1.115771131866268
8,92,7144,200.1804951197097,35.68779263797817
8,93,590,72.64569518583951,8.121609938354695
8,94,308,84.64895057435429,3.6385566260441435
8,96,8953,98.51573390261787,90.87888447189542
8,97,467,119.08364978814656,3.921613091560489
8,98,16407,54.66005712086483,300.16434054799265
8,99,14002,138.2158207685912,101.30533481722723
9,1,18541,18.80235432006522,986.0999151693301
9,11,954,31.764314131153867,30.033703736241986
9,14,233,1.0251105743416,227.29255343956373
9,15,63,0.5418506659339681,116.2681970527972
9,16,276,2.1357994950305343,129.22561347269829
9,17,1167,5.738478347873956,203.36401555516207
9,17A,185,0.15585670620343464,1186.98774346306
9,17B,29,0.19495738024994416,148.7504600380898
9,18,1462,3.9949535827686367,365.9616988557812
9,18A,5,,
9,19,1479,11.406355693679348,129.66455191464567
9,2,5437,1.6366989326727621,3321.93043660221
9,20,82,0.8938618872295233,91.73676735916617
9,21,1215,3.891523572269583,312.2170474972602
9,21A,169,6.483155648130379,26.067552465555327
9,22,4142,5.915819509786726,700.1565874597356
9,22A,1059,1.9797480943939536,534.9165396338892
9,22B,196,0.3142022230381742,623.8020791348343
9,22C,14,21.49939467506916,0.6511811244729832
9,23,2242,3.054907173708388,733.9011866859474
9,23A,125,2.3719136918858865,52.700062581372286
9,23B,8,0.17507355673207503,45.6950789675385
9,23C,3234,0.9623026933845449,3360.6889206821165
9,24,5611,3.264974825625427,1718.5431127865363
9,24A,120,0.17486067429951863,686.2606499758325
9,24B,402,12.65230351666575,31.772870408181504
9,25,145,4.466747573044804,32.46209856921896
9,26,6252,8.307856761000075,752.5406587832651
9,26A,86,0.5989657751636216,143.58082475832126
9,26B,44,1.8178026274280783,24.20504808173453
9,27,7,0.054043334217872115,129.52568714172898
9,28,2960,1.259721118500895,2349.7264247839926
9,28A,58,1.82783633857696,31.731506139742905
9,28B,497,0.724911667310377,685.6007737384164
9,29,8837,144.01955876919467,61.35972138452493
9,29A,61,0.38325868010051595,159.1614310835745
9,3,55768,4933.814015732621,11.303222987767816
9,30,6498,11.469674042951372,566.5374600591472
9,30A,514,0.9017061807555874,570.0304721980415
9,31,195,5.192118565803628,37.55692354259984
9,31A,679,0.4866047412825052,1395.3830334871254
9,31B,621,0.651833737351662,952.6969293167665
9,32,51009,322.38687363110114,158.22294321563558
9,32A,135,4.385004132302398,30.786744077505958
9,32B,457,2.2553226818991496,202.63175804855206
9,34,18453,40.3579134445308,457.2337473631383
9,34A,192,42.03675735895735,4.567431268793808
9,34B,12,6.934907137439075,1.7303764509284207
9,35,478,0.09920244201548291,4818.42977136991
9,35A,251,0.24708713162173174,1015.8359860855016
9,35B,102,0.14751258614123477,691.466421057393
9,36,6856,8.441905184947787,812.1389484715475
9,36A,184,0.17413397819838047,1056.6576489189247
9,36B,53,0.12555114041962023,422.1387382293944
9,36C,123,0.12089626894736515,1017.4011247075852
9,37,65,1.6476990741429034,39.44895097656807
9,37A,41,2.3339335219736252,17.566909945802358
9,37B,6918,3.641403204622462,1899.8170790914248
9,37C,14073,14.498913507630418,970.6244535215504
9,37D,134,0.3572582799608676,375.07878058047453
9,37E,24,2.569055015745346,9.341956420904832
9,37F,54,,
9,37G,326,3.5265329220630965,92.44206908163021
9,38,10,0.02767184153037685,361.3781897754246
9,38A,375,1.9551821724362408,191.7979844981575
9,39,7271,1.559425177091409,4662.6154988478775
9,39A,157,4.767122417025252,32.93391406087912
9,4,22099,5.146651893323218,4293.859475646519
9,40,88,1.2121014021292702,72.60118653885925
9,41,133,0.33238093110802636,400.1432920854716
9,41A,700,0.5553996895237253,1260.3536033667474
9,42,18,0.007335310173681899,2453.883963159672
9,43,5583,11.39410122798512,489.9903808373723
9,43A,3243,3.1002973930257816,1046.028683343486
9,43B,96,0.6323952871362862,151.80378784086548
9,43C,3983,4.440587518912389,896.9533835413599
9,43D,76,1.7325620714710812,43.86567226158312
9,43E,65,,
9,43F,64,0.06094649363222481,1050.101428085449
9,44,3673,0.2928298475113325,12543.12028372673
9,44A,88,4.044864786599932,21.755980642797162
9,45,311,6.309691444548349,49.28925649267807
9,47,20,0.04498917225566037,444.55141086717094
9,47A,11,0.13083845468306488,84.0731421556891
9,48,16,0.7437272840959391,21.51326210850164
9,49,677,18.27695354623192,37.041184040191105
9,5,50851,41.46053301195363,1226.4917092440412
9,50,6567,49.91217639909991,131.571100957209
9,50A,29,,
9,50B,794,4.492113608488652,176.7542117589357
9,51,47,2.6352358528932234,17.835215754369287
9,51A,5508,6.3578171627888835,866.3350736534695
9,51B,76,18.79027305311427,4.044645854010295
9,52,74,0.20052262314777525,369.0356670901201
9,53,27,10.328654169538861,2.614086942675268
9,54,4324,30.528008809304797,141.64042034349993
9,54A,34,0.05745249367945577,591.7932855916738
9,55,15,0.13248494706042502,113.22040981122674
9,56,9460,104.55682923118783,90.47711249049827
9,56A,127,0.10985305172571848,1156.0898673720426
9,57,61,2.343989438396421,26.024008044051406
9,58,19,0.10980531485058728,173.03351869491388
9,58A,25,0.08420585277151997,296.8914769835984
9,59,19,7.567067098008392,2.5108803389625933
9,59A,27,0.04149883094525057,650.6207376208046
9,5A,2896,2.2254396149068243,1301.315920055306
9,6,3557,22.784607165650062,156.1141684006083
9,60,5979,12.769370040048726,468.2298328929299
9,60A,10,,
9,61,194,1.4761024811987975,131.4271891491202
9,62,81,0.2508875559127982,322.85379681467117
9,63,7,0.07293014453745826,95.9822586996886
9,63A,35,9.865491014860153,3.547720021971571
9,64,2233,11.155358148857081,200.17286493206686
9,64A,4393,6.8752748091433435,638.9562776687563
9,64B,14,,
9,65,830,9.807922980420532,84.62546062575343
9,65A,16,,
9,65B,8,,
9,66,119,0.4431496328574429,268.53232221514935
9,66A,99,0.7458319394333066,132.7376782431999
9,66B,9,,
9,67,14038,27.43404113471005,511.7000419686207
9,67A,65,,
9,68,511,7.752791320081908,65.91174441602297
9,69,32,0.17128189799725188,186.8265145013364
9,7,41451,67.05871125410182,618.1299822916675
9,70,3205,9.74466039376957,328.8980703780274
9,70A,19,,
9,71,5234,8.979198159738802,582.9028279460816
9,71A,191,5.338823567797919,35.77567184502052
9,72,370,3.681805932811284,100.49416149359138
9,72A,80,9.710839748279877,8.238216474962503
9,72B,179,0.8839541974208466,202.4991798469609
9,73,668,8.820964033824076,75.7286842388822
9,74,185,7.445063287191571,24.848680644296543
9,75,4929,57.995881675129354,84.9887933010548
9,76,311,1.6419984338031162,189.40334752919165
9,76A,98,9.043784421545412,10.836171610474285
9,77,776,0.7470807678755853,1038.7096460890702
9,78,466,0.8659706165357314,538.1244941822712
9,79,144,2.619936419223677,54.96316587815103
9,8,67,3.3838362178528585,19.80001267393297
9,80,3743,1.9424422967006503,1926.9555684396394
9,80A,191,,
9,80B,69,1.8264443711952458,37.778320045326986
9,81,1858,2.9636556093716706,626.9284440893312
9,81A,23,1.0853446533622728,21.191425165037344
9,82,13983,8.139964632031289,1717.8207316744335
9,82A,56,0.09338234272959296,599.6851049470785
9,82B,32,4052.541088526131,0.007896280210606843
9,83,3607,1.9068824233030455,1891.5691685657582
9,83A,5144,4.046442212336792,1271.2401981960782
9,83B,823,4.920094869081313,167.27319734663402
9,83C,155,1.6724506784454738,92.67836833554395
9,84,1064,0.14920064361348012,7131.336529327604
9,84A,708,0.7758157689830223,912.5877924962539
9,84B,1212,1.1023238403108537,1099.495407500411
9,84C,705,1.3619964356347036,517.622499996825
9,8A,3712,4.242140754682851,875.029899916066
9,8B,2491,1.0366650039044938,2402.8977448046385
9,9,30,9.86223252534178,3.04190759271926
10,1,7863,1.4203921307311111,5535.795242650857
10,100A,589,567.9680785964404,1.0370301117195417
10,100B,18,54.3080181086593,0.33144277082595175
10,101,169,496.35832314505416,0.34047983506989965
10,102A,201,649.4859297971929,0.30947552637939957
10,102B,103,93.53523705718311,1.1011892762620634
10,103,72,335.35400131586175,0.214698496864467
10,104,191,1448.1684799523705,0.1318907313921664
10,105,276,690.7563275021793,0.39956202934547747
10,106A,401,137.9970457186924,2.9058593096075427
10,106B,457,266.94151284098643,1.711985502503048
10,107,404,1214.0043206983376,0.33278300011947665
10,108,718,1356.2284614982311,0.5294093291677587
10,109,321,3452.348131568717,0.09298019428131671
10,109A,115,,
10,10A,47870,12.741329332542538,3757.064804669602
10,10B,68005,30.42994108212239,2234.805510022922
10,11,4065,28.84189417189279,140.94081254765345
10,110,239,860.75135866639,0.2776643889012223
10,111A,166,228.9428573825436,0.7250717576335148
10,111B,68,297.3880659007802,0.22865746072906418
10,112A,616,303.8633548399274,2.0272270090761797
10,112B,86,157.12687285164347,0.5473284005416422
10,113,45,113.91933053767876,0.39501636629716913
10,114,371,190.82483490898062,1.944191384611752
10,114A,246,166.90071456190694,1.4739301784639962
10,115A,184,196.1901037438896,0.9378658581076913
10,115B,116,214.20344142282147,0.5415412526964248
10,116A,137,584.3301269072995,0.23445650616219937
10,116B,327,260.2564657118289,1.2564529342455353
10,116C,296,481.40162641392413,0.614871208900923
10,117,87,269.5024327249328,0.3228171230973503
10,118,15417,408.9188336444965,37.701858490096214
10,119,917,678.6576130420248,1.3511968073114597
10,12,838,292.61081765924104,2.8638722474569964
10,120,906,467.8636637620823,1.9364615595809946
10,121,85,593.1046444755243,0.1433136644464562
10,122,417,69.66916951607995,5.985430900016033
10,123,527,330.1448031707348,1.5962692580305777
10,124,372,449.93730090665605,0.8267818632738233
10,125A,308,844.67717350803,0.3646363482522497
10,125B,249,1657.8692412586433,0.15019278589845894
10,125C,122,,
10,126A,434,1986.7100084383585,0.21845161002694252
10,126B,1406,57.78178379522276,24.33292826304619
10,126C,209,1173.1526058530592,0.17815244066054425
10,127A,304,1651.5188343646375,0.1840729840159244
10,127B,444,2944.385477567774,0.15079547273367502
10,13,275,66.70539604855075,4.122605010842667
10,14,20088,90.88865846893803,221.01767523464156
10,15,51,125.01987090329993,0.4079351516803865
10,16,319,224.3709530495774,1.4217526630085366
10,17,80,122.03872036720092,0.6555296528781104
10,18,8200,75.52736346784435,108.56992252206892
10,19,3358,216.89927862906873,15.481840332639827
10,2,1933,0.47236746811143043,4092.1531021776664
10,20,106,402.2967694708947,0.26348707731213555
10,21,3986,342.8026866373276,11.627680165228806
10,22,49756,103.8347848736668,479.1843124684747
10,23,284,109.72754144709651,2.5882289555984115
10,24,439,274.798953110353,1.597531559094796
10,25A,2981,35.19314907746349,84.70398580810526
10,25B,2880,106.8717250239379,26.948194195938324
10,26,88,370.89302068458625,0.2372651818510133
10,27,527,174.0403563753114,3.028033330749706
10,28,15505,87.79582819375803,176.60292429592172
10,29,162,126.19312933785852,1.2837465942085902
10,3,2312,0.5451806353527652,4240.796261048405
10,30,720,79.44898387999488,9.062419238583802
10,31,42472,161.17296432948586,263.5181413749672
10,32,17867,92.19130241405946,193.80353170143766
10,33A,3226,93.75454156762457,34.40899977813988
10,33B,483,23.903901455840792,20.205906591954324
10,34,3702,128.09693683653438,28.89998848859403
10,35,3149,89.89952190452723,35.027994958017906
10,36,51354,204.46099240812134,251.1677136805298
10,37,3863,16.016103145804024,241.19475036048624
10,38,1300,14.384080450651028,90.37769250944099
10,39,1043,70.26950358604267,14.842854250747354
10,4,6132,1.2801272868956735,4790.148653787535
10,40,1777,108.75303211237511,16.33977430775278
10,41,301,124.96487687984596,2.4086768019578195
10,42A,526,439.9572410523668,1.1955707303323866
10,42B,202,277.00312927607786,0.7292336390852637
10,43,1335,14.630729247222446,91.24630614386098
10,45,3914,105.30694660007799,37.16753857524819
10,46,1041,187.64831496393106,5.547611766191967
10,48,4904,336.2046474581258,14.586353987301118
10,49,651,699.9031643147173,0.930128670924643
10,5,5774,8.516207199885633,678.0013525360845
10,50,2362,561.6764441836079,4.205268040807991
10,51A,899,645.1918156913076,1.3933840729779607
10,51B,2419,658.0200599608168,3.676179720332606
10,52,4286,1401.8233596094005,3.057446553889812
10,53,36382,10.371556790707283,3507.862969289006
10,54,1191,10.699302768160186,111.31566475006858
10,57,91,534.3779599937968,0.1702914543875581
10,6,6052,2.04864170328065,2954.1524954356146
10,60,23,29.248098082462143,0.7863759187060217
10,61,50,53.922810947924866,0.9272513639596188
10,64,7867,417.5094112139134,18.84268902376741
10,66,12308,162.56640126590958,75.71060135524453
10,67,1047,90.47844406772845,11.5718170309854
10,69,6717,409.631080185076,16.397681535700816
10,7,22041,18.67474931478878,1180.256807117911
10,70,4355,475.89057620254846,9.151263373928266
10,71A,385,140.49392763080613,2.740331959483073
10,71B,711,102.28692241670865,6.951035217419521
10,72,43,273.5046109006431,0.15721855605432827
10,73A,698,112.45231870297572,6.207075212416491
10,73B,20,49.39601515465386,0.4048909600780964
10,74A,407,115.13246943128662,3.535058372416009
10,74B,236,100.52133537156604,2.347760295141842
10,75,365,324.1843611477601,1.1259025534351317
10,76,987,283.0210157045738,3.4873735349401103
10,77,131,91.32151903118546,1.4344921261686931
10,78,1836,293.2777107536555,6.260277998221913
10,79,1809,122.29140829396468,14.792535511992119
10,8,22599,15.751945723313383,1434.6799053879902
10,80,36,613.2866042907092,0.05870012445752905
10,81,219,689.0033483803904,0.31785041468200925
10,82,417,1210.582657735357,0.34446222844467633
10,83,6010,281.1088433429263,21.379619113114725
10,84A,52,98.7158975964004,0.5267641916462312
10,84B,65,179.777477215845,0.36155808284015184
10,85,33,482.82909316247543,0.06834716562718657
10,85B,37,,
10,86,241,142.48268266235038,1.691433621944864
10,87,4099,201.78917683197105,20.313279752428045
10,88A,1588,239.55943181888136,6.628835224490787
10,88B,285,286.51323968528175,0.9947184301607006
10,89,32,210.36646977121404,0.1521154965180615
10,9,628,0.09358526690147947,6710.457968358608
10,90A,10832,303.5055750972591,35.68962447074937
10,90B,134,205.00650023341274,0.6536378107398185
10,90C,20,71.81280761761654,0.27850185313035664
10,91,146,122.3027351565211,1.1937590750783416
10,92A,781,194.05167765290776,4.024701097389854
10,92B,43,91.80479375908132,0.46838512717367164
10,92C,43,86.84517565214571,0.4951340091962562
10,93,86,146.48387564227497,0.5870953347112327
10,94,522,236.120366701457,2.2107368682007853
10,95,421,565.5119280921149,0.744458214029792
10,96A,136,344.0629786987148,0.3952764709367088
10,96B,84,132.15194747945068,0.6356319494501721
10,97,1050,548.5604048175592,1.9141009645951572
10,98,681,503.03518413711816,1.353782044427278
10,99A,8470,1017.7848310331967,8.321994729870106
10,99B,29,230.36532387638326,0.1258870020540146
11,1,1566,1129.7917837033974,1.386096113096818
11,10,50969,338.18568810933067,150.71306028634316
11,11,2387,8940.629967535002,0.26698342383787455
11,13,4330,576.9891818041779,7.504473457302258
11,14,76,439.4823973107549,0.1729307031750374
11,15,1733,900.3994457377619,1.9247013180689252
11,16,1051,529.9404571054208,1.9832416753773623
11,17,34,6068.098616898708,0.005603073078824939
11,18,2748,2804.715490115135,0.9797785228786944
11,19,1643,297.48213841152983,5.5230206720079185
11,19A,170,165.95560693029321,1.0243703309849939
11,2,5047,915.0826465400169,5.51534882568587
11,20,342,406.6040581946442,0.8411131003426489
11,21,686,323.39038323299627,2.1212752003999786
11,22,7711,1037.9119373696308,7.4293393517969415
11,23,657,333.9862666711993,1.9671467529136437
11,24,549,6559.353664886454,0.08369727080564476
11,25,876,2662.9133497023786,0.32896301342208767
11,26,570,1063.70686428591,0.5358619175430946
11,27,8906,760.7367962759033,11.707071412344277
11,28,349,433.956600800699,0.8042278867427193
11,29,558,679.8969239028006,0.8207126409646365
11,3,2363,802.4630528785142,2.944683859928112
11,30,238,1597.5901023689912,0.14897438313312095
11,31,2585,632.3525542650264,4.087909477972309
11,32,329,4215.885839383304,0.0780381662441139
11,33,516,9336.06023283709,0.05526956629790244
11,34,1906,1236.880120258571,1.5409739139485472
11,35,1144,586.8363470267335,1.949436168697105
11,36,4761,719.4213372218377,6.617818729682629
11,37,53,714.1970560255634,0.07420921096334365
11,38,527,207.81128922024934,2.535954624878236
11,39,1683,720.4327670157351,2.336095853845639
11,39A,380,2404.4201628898445,0.15804226144206113
11,4,792,299.4514180306172,2.6448363651396116
11,40,2580,860.9907151468636,2.996547993621413
11,42,2538,898.5610409005894,2.8245159588226425
11,43,366,3340.3707029551842,0.10956867741541511
11,45,150,309.2421657909331,0.48505675031848444
11,46,668,789.6497841655872,0.8459446369707642
11,47,1335,2176.650424047758,0.6133277007877994
11,48,5702,455.0247359612354,12.53118687702676
11,49,258,12320.863466438439,0.020940090822593897
11,5,496,399.65678116319896,1.2410648921216716
11,53,233,4434.4787822055605,0.0525428153890306
11,54,140,5745.208058216106,0.02436813403124519
11,55,351,392.5026471030306,0.8942614848349385
11,56,668,639.3908303666639,1.044744416520534
11,57,24319,413.36876459828756,58.83124726086463
11,58,29782,104.40685674797064,285.2494647156292
11,59,678,385.19992469194574,1.760124954702974
11,6,1978,904.9971315722405,2.185642286582328
11,60,67,574.874423432872,0.11654719234143067
11,61,8517,4331.728058624181,1.9661899096004471
11,62,644,9013.42314918108,0.07144899216880891
11,63,2715,0.0,inf
11,64,695,502.8087304356531,1.382235347023161
11,65,3654,579.2887217950259,6.307735439208019
11,66,153,405.0238684577078,0.37775551495917853
11,67,44,0.0,inf
11,68,587,380.09289821032775,1.5443592941722852
11,69,2116,1289.0592832441853,1.6415071265571641
11,70,3,997.2184310807008,0.003008367982878991
11,71,1232,1320.53679814656,0.9329539333770738
11,72,2127,742.0035437198972,2.8665631289800584
11,73,253,328.48246610673095,0.7702085380648442
11,74,443,91.70197845041208,4.830866329013311
11,75,3546,380.0568703862525,9.330182602398935
11,76,312,274.86145477225915,1.1351173275951427
11,77,1386,532.3794157591813,2.6034064409187243
11,78,340,377.3442819509117,0.9010339264773336
11,79,1273,125.87005351922467,10.113604979166624
11,80,230,572.6440572497321,0.4016456594426792
11,81,4425,308.49171149651517,14.343983436488491
11,82,7447,349.75681143336794,21.29193701612506
11,83,1,1676.9924000413446,0.0005963056242683902
11,84,9,881.4667457049967,0.01021025471902721
11,85,2,1577.81002343329,0.001267579727784991
11,86,16031,991.8319643089696,16.163020125257948
11,87,1079,771.6949663007598,1.3982208607273348
11,88,607,269.40588671601256,2.2531059265228817
11,89,3456,936.1899896983438,3.6915583781381613
11,9,44409,1230.94493495141,36.077162137031735
11,90,868,364.0692122693596,2.38416205146675
11,91,325,510.86724540022806,0.6361731015762925
11,92,277,6433.01401173043,0.043059132079441745
11,93,12346,2671.201935894151,4.621889432656214
11,94,482,1846.5473837691077,0.2610276910501796
11,95,115,986.7866194961337,0.11653988585568836
12,10,1306,612.1593461306486,2.1334314476369527
12,11A,266,91.96266686145732,2.8924781009312364
12,11B,20,378.14112021766556,0.05289030716492193
12,12A,290,166.3258385751981,1.7435655366853129
12,12B,975,478.59170423099397,2.0372271215328315
12,13,671,82.46228860362068,8.137052843941301
12,14A,340,91.62130338733947,3.7109273436398453
12,14B,218,,
12,15,1186,88.30098124797497,13.431334320842542
12,16A,528,267.7065467613277,1.972308882198296
12,16B,346,80.71711527158288,4.28657539154911
12,17,243,838.2996969755118,0.2898724655116969
12,18A,26977,99.44363024237323,271.27931607332874
12,18B,144,359.2003634650023,0.40089046294640024
12,19,814,6.855698636655513,118.7333404137353
12,1A,2489,0.22063381727115186,11281.135552040507
12,1B,2488,0.5066148758803831,4911.0283145089525
12,1C,4941,1.5041785674979542,3284.849356827922
12,1D,4627,1.4029991772392345,3297.9349347195093
12,1E,1845,0.3023673068480379,6101.8501610931435
12,1F,1171,0.28179367981552106,4155.522582219042
12,1G,1687,0.3766092362538516,4479.444043329001
12,1H,15893,3.3676604185164054,4719.300055497142
12,1I,17469,95.61503323524359,182.70139547011053
12,1J,1522,0.614997103483917,2474.8084037761687
12,1K,3599,0.5357573634016347,6717.5931603612535
12,1L,14576,60.81560754681914,239.6753167150161
12,1M,11448,292.2798282972876,39.16794418106697
12,1N,14965,182.29409077945922,82.09262261882515
12,1O,2215,4.379328824514602,505.7852672767744
12,1P,32060,352.5466761280241,90.93831305434774
12,1Q,139,786.3480706277637,0.1767665047986096
12,1R,45,2381.5547949975135,0.01889521924690672
12,1S,121,837.4066921493649,0.1444937103254218
12,1T,190,3931.0214435235816,0.048333493655453835
12,1U,139,1027.7829873302676,0.13524255773201835
12,1V,403,2194.716688359544,0.18362278928184808
12,1W,127,1761.9712066626685,0.07207836286981635
12,1X,51,,
12,20,1459,240.04060048998056,6.078138435838897
12,21,1598,51.12717604245326,31.255393387522652
12,22A,2216,246.46383083454424,8.99117729565618
12,22B,309,216.2970879927238,1.4285906614258013
12,23A,1632,163.55783539379553,9.978121782246998
12,23B,182,329.8155633288077,0.5518235651558874
12,23C,212,380.76727757274625,0.5567705327816596
12,24,3031,2672.953927829229,1.1339514566424078
12,25,6368,509.05049970546156,12.509564382481793
12,26,2767,599.5373217548528,4.6152256074750415
12,27,259,574.7010942344875,0.4506690566597803
12,28A,861,267.3998805920818,3.2198967258083955
12,28B,311,742.5672294027775,0.4188172971895449
12,28C,99,488.79978445006003,0.20253691419152967
12,28D,255,162.79000873147604,1.5664352007046414
12,29A,811,732.4175475274762,1.1072918757036958
12,29B,94,710.7636837342662,0.13225211438228723
12,2A,9760,1.477924979341533,6603.853467818387
12,2B,4582,195.5421270910767,23.432290873392535
12,2C,10033,22.684184138784037,442.29053769873906
12,2D,9282,5.648113781504606,1643.380491093322
12,3,3206,854.9506174020188,3.749924188302516
12,30A,4368,278.4627201231917,15.686121280678435
12,30B,357,816.9566520252375,0.43698768975685076
12,30C,398,226.61433516424196,1.7562878346223942
12,31A,812,2965.168510022658,0.27384615655242983
12,31B,260,49.429775076443306,5.2599875196257555
12,31C,97,883.1656897788292,0.1098321652693411
12,31D,46,269.52612563844286,0.170669911464193
12,31E,8,328.01818051621973,0.02438889206509826
12,32,2472,907.2791507451102,2.7246300082723716
12,32A,320,721.7679585170803,0.44335578522695995
12,32B,7,1856.7330375874383,0.0037700627167681086
12,33,1755,6490.596254302847,0.27039118306527665
12,34A,2188,1086.1272724515977,2.014496878493129
12,34B,26,1477.3373397119237,0.017599230251006803
12,35A,228,6242.842786482852,0.036521823117774306
12,35B,24,2164.960403219997,0.011085653097536672
12,36,2294,3266.294154224006,0.7023249871826073
12,37A,173,940.0699330300492,0.1840288620255979
12,37B,72,2086.738510941369,0.034503604367525365
12,38A,12699,1779.0460234200025,7.138095267253231
12,38B,16,1219.215988354967,0.013123187485088738
12,39,177,269.8222791728972,0.6559873430117371
12,4,1067,182.45140271920414,5.848132621058175
12,40A,15,1264.4551998471948,0.011862816493469045
12,40B,28,473.4802730700343,0.059136571453016824
12,41A,1512,255.3827805819449,5.9205244635311
12,41B,475,1234.770938213856,0.3846867344376487
12,41C,134,513.1892440722521,0.2611122535162372
12,41D,100,230.28464175399296,0.43424519863042965
12,41E,150,299.0757415038531,0.5015451913476824
12,41F,84,1076.4406370157258,0.07803495809381343
12,41G,71,421.24855034671003,0.16854657408687393
12,41H,155,168.77632505768415,0.9183752516653287
12,42,5355,216.19578970325279,24.769215012698425
12,43,191,498.5067291955892,0.38314427632342174
12,44,249,116.52793429208015,2.1368266889197174
12,45A,819,597.0383460710375,1.3717711858704513
12,45B,63,272.0041174255487,0.23161414097800917
12,46,69,1210.7379438187527,0.05699003682198077
12,47A,1418,154.96265994273566,9.15059150716697
12,47B,60,271.22205242977236,0.22122094963327446
12,48A,230,163.00747373871002,1.4109782497989907
12,48B,401,96.47225346495769,4.156635567196097
12,49A,115,393.80826367989437,0.29202028145726605
12,49B,12,1175.400377941303,0.010209287171591546
12,49C,50,,
12,49D,1032,372.32554421957275,2.7717679219758162
12,50,153,783.8336304206547,0.19519448268364106
12,51A,2150,313.9726736209935,6.847729693174936
12,51B,201,305.86853316462737,0.657145074455292
12,52A,3602,1037.61771477827,3.4714133622609906
12,52B,6,990.3510035585323,0.006058458040069411
12,53,245,191.69768722815493,1.2780540211129707
12,54A,303,265.8948724302482,1.1395481124950446
12,54B,146,359.27610170482023,0.40637270140487386
12,55A,11958,1197.9914560565953,9.98170724803156
12,55B,89,1207.3206505027556,0.0737169532906924
12,55C,179,619.1341113767579,0.2891134516913642
12,55D,33,97.93670573217027,0.336952317859719
12,55E,74,193.45171152128964,0.38252440062726556
12,56A,127,135.60858452685306,0.9365188822161299
12,56B,251,315.3643495315183,0.7959048014554176
12,56C,141,349.59714768650315,0.40332136841814276
12,57A,591,19.76028351886529,29.908477752141962
12,57B,126,127.22741792075213,0.9903525675454903
12,58A,147,249.14957290488488,0.5900070318648252
12,58B,80,202.92602906982106,0.394232323801469
12,59,266,121.92769024251389,2.181620921965524
12,5A,1853,204.15363374319452,9.076497763105673
12,5B,372,72.0271114153215,5.164721903881165
12,60,3193,988.8045902188567,3.22915167626121
12,61A,58,728.5512834029975,0.07961004437338608
12,61B,154,317.05033160583383,0.48572729515847746
12,61C,155,979.3120357594951,0.15827437460195348
12,61D,115,324.6610275931845,0.3542155978884549
12,62A,160,139.19663107892,1.1494531064425342
12,62B,50,82.80991595706269,0.6037924253651606
12,62C,87,182.50911281888665,0.4766885261577851
12,62D,49,440.2782519536559,0.11129325553231684
12,62E,202,388.5583823435427,0.519870395747639
12,6A,459,421.84213648300226,1.0880847603958952
12,6B,202,525.0351862801624,0.3847361191754707
12,7,251,130.8227710551578,1.9186262297881826
12,8A,452,50.96266796221459,8.869237386377177
12,8B,181,102.74393756699023,1.7616611187593032
12,8C,328,62.08402089229347,5.2831629666678825
12,9A,10052,403.9284502688695,24.88559543975925
12,9B,401,524.9419335630151,0.76389401257818
13,1,4050,0.7611518074070044,5320.883377781139
13,10,1521,0.3185463633849562,4774.815144136194
13,100,3241,83.37319746108784,38.87340414780959
13,100A,69,4505.634524758331,0.015314158221410768
13,100B,672,52.93227661910873,12.695467546873013
13,100C,2485,9.986697420347916,248.83100943228814
13,101,5159,12.220295363303823,422.1665554411965
13,101A,8,316.27980564710924,0.025294058795919585
13,102,3490,98.98614301199093,35.25746022427836
13,103,7731,70.73464277081929,109.29580891570332
13,104,1165,97.80418570521435,11.911555641507569
13,105,161,156.67896855202966,1.0275788862277033
13,106,545,125.50794456388782,4.342354596705043
13,107,17226,6.5804689123003755,2617.746581524112
13,107A,14513,3.544931500068183,4094.0142284049375
13,107B,24079,16.24237254448058,1482.4804648494799
13,107C,35019,17.1534609043849,2041.512216992209
13,108,9134,10.226329596417408,893.184589239126
13,109,3048,103.02199463786246,29.58591522824005
13,11,876,0.2987299986026074,2932.413899165579
13,110,11676,146.84565391629368,79.51205697007323
13,111,6499,204.09003821919978,31.843788441157763
13,112,9001,129.78902320209835,69.35101118670318
13,113,3202,70.14732796801529,45.64678502736411
13,114,1446,290.402104553022,4.979302757552803
13,115,2978,39.15979063381111,76.04739330318975
13,116,1781,18.59590224448758,95.77378804128449
13,117,3981,411.6010019008245,9.671988118627622
13,117A,1011,734.6453794522956,1.3761741763811768
13,118,1411,159.41962686709363,8.850854990247438
13,119,425,2004.8336230740556,0.21198766576367475
13,12,1349,0.22990761428436218,5867.574261074641
13,120,4011,21.54983458877345,186.12671867511972
13,121,4390,104.13897685076644,42.15520579092083
13,122,925,250.0188565423645,3.699720944221114
13,123,44,42.691218027432576,1.0306569367902885
13,124,323,23.22380996610364,13.908139985275255
13,125,23679,8685.284633133635,2.7263355203888877
13,126,542,7013.081895780897,0.07728413956296015
13,127,178,4106.414455535294,0.043346817991073115
13,127A,905,6071.24242964698,0.14906339361128465
13,128,238,5030.026181412859,0.04731585709821283
13,129,42,9343.724256395642,0.004494995662061797
13,13,1707,0.4194530033661097,4069.585832742471
13,130,25615,521.2871478821797,49.13798489770066
13,131,6887,1739.3746832017798,3.9594689209358
13,132,3498,44.54783747852892,78.52233010605643
13,133,1226,45.97023970003116,26.66942804736276
13,134,1413,3625.079062806542,0.38978460207873455
13,134A,13,2584.128758118522,0.005030709077153403
13,135,25,1443.033882972433,0.017324610527165
13,136,23,4371.3050867958045,0.005261586538417329
13,14,5355,0.8055508483590845,6647.625051737195
13,15,1729,0.3791269245436861,4560.478003721339
13,16,1331,0.2471191382898076,5386.066045759179
13,17,5520,0.9325048601115523,5919.5401934309075
13,18,5850,0.9912077621434351,5901.890827962929
13,18A,9084,0.8465964215360583,10730.024092847047
13,18B,5563,9.537246809247407,583.2920245501103
13,19,8375,1.8370511861122645,4558.936660727423
13,2,1990,0.5334534904866045,3730.409558637935
13,20,6660,3.858975728733485,1725.8465634832614
13,21,2098,3.8607703762554486,543.4148616823062
13,22,2600,2.3121578412159485,1124.490704593367
13,22A,10417,6.296476172807312,1654.417441455279
13,23,1974,4.095081909354562,482.0416401173104
13,24,4910,4.414635366230604,1112.2096374161833
13,25,12066,3.0098474309609675,4008.841071438506
13,25A,8410,1.6290675694911314,5162.462354233112
13,25B,3821,0.7511655159555939,5086.761730720721
13,26,17141,2.6761501691736918,6405.096469340726
13,26A,31204,23.51833633599824,1326.7945297745289
13,27,40774,33.36178130300567,1222.1769464188214
13,27A,7070,1.588030461663827,4452.055656786678
13,27B,30399,5.042529673067097,6028.521787856915
13,28,9441,5.393434744016792,1750.4615237021965
13,29,17260,3.1028509398196746,5562.626221742731
13,29A,24309,5.443465292840352,4465.7215013335335
13,3,1513,0.37206727781329396,4066.4688625459676
13,30,23229,3.604742026565467,6444.011756961197
13,30A,15379,2.933369594488645,5242.7760991641835
13,30B,13175,3.6907409484753413,3569.7439034410263
13,30C,22544,5.715867733596103,3944.108060355095
13,30D,18834,6.772294719664667,2781.0366765805156
13,30E,22760,5.866674349177864,3879.5403742138014
13,31,18349,8.301587669795188,2210.3000931691295
13,31A,6189,10.326983998865959,599.3037270784612
13,31B,6061,21.011501204123725,288.46106430560354
13,32,30541,19.461632828628947,1569.292785910173
13,32A,2429,12.525249171471891,193.9282777329817
13,33,20352,54.75244503151213,371.7094275568268
13,34,27216,4.075901204438734,6677.296292255871
13,34A,2933,7.946723864489519,369.08291391705603
13,34B,8680,3.632892085217594,2389.280990569283
13,34C,7982,1.4171165263079821,5632.56433173885
13,34D,14691,2.891919000526363,5080.017800403838
13,34E,3913,2.1829545446482768,1792.5247273669056
13,35,16962,2.842339636620692,5967.618992980874
13,36,22362,16.712258297795476,1338.0597404331518
13,37,23229,4.436730590709321,5235.612017696632
13,37A,19672,5.30333816413342,3709.3618002793264
13,38,13360,27.477328959256376,486.21902149988176
13,39,4614,37.59726558274595,122.72169075288939
13,4,2366,0.3670893368731396,6445.297540248774
13,40,5546,2232.0887195794467,2.4846682622207488
13,40A,41,43.568937291838495,0.941037412167505
13,40B,93,1.5341319836291745,60.62059913515216
13,40C,147,71.72520455600167,2.0494887523844594
13,41,17760,701.2495168329281,25.326220658532446
13,42,7260,284.839976897714,25.487995326607773
13,43,8242,165.32152730430656,49.854366423974476
13,43A,2510,58.00853188263806,43.269497064297234
13,44,553,1502.0877639206522,0.3681542538876658
13,45,794,2384.8596871206832,0.33293363307198226
13,46,729,5235.649477232424,0.1392377398773745
13,47,19450,10.037871956835396,1937.6616959887913
13,47A,20082,6.724168476620537,2986.540279266307
13,48,42951,18.872112109801993,2275.8978830828196
13,49,4404,18.57992014842502,237.03008219727562
13,49A,4179,20.535597455172894,203.50028817629138
13,49B,3033,19.406559125370975,156.28736554512835
13,5,2980,0.36138103871711746,8246.14376719607
13,50,5739,29.724609518233784,193.07234285044385
13,51,17025,35.26310567055171,482.79922248078145
13,52,1036,6.4158457014372425,161.47520501746496
13,53,18374,75.25077534013028,244.1702416613026
13,54,13463,246.6514200193808,54.58310355132817
13,54A,6533,47.84455987662889,136.54634961311953
13,55,297,16.01268836531382,18.54779117811048
13,56,1726,55.0471889733238,31.35491624897377
13,57,18280,8.265553585995152,2211.588105964609
13,58,13790,14.885450593088901,926.4079655339756
13,59,22312,8.122184043145019,2747.04437642372
13,6,4429,1.069231685867878,4142.226664752319
13,60,16646,14.920540870961197,1115.6432024791368
13,60A,3226,2.4155812773040988,1335.4963587068228
13,61,12440,33.71767986181396,368.94590763608807
13,62,307,355.09227036789264,0.8645640179154935
13,62A,1426,3535.3608507190584,0.40335345109395704
13,63,16794,115.07512188706849,145.93945002709762
13,64,5103,179.06562183187432,28.497932477464794
13,65,9342,489.0909348631913,19.100742487924354
13,65A,768,185.40654334641442,4.142248629084602
13,66,16443,704.7789643386792,23.330719036753727
13,66A,5256,171.45914187847666,30.654533449871348
13,66B,3417,417.3768714325608,8.186845591783383
13,67,1140,337.3592143649447,3.379187380863365
13,67A,2736,321.71754937776984,8.504354224044246
13,68,117,582.6934411367175,0.20079168863091468
13,68A,9,16.98791360492545,0.5297884254244473
13,69,48274,30.089762425114273,1604.3330391903773
13,7,2873,0.579748892860294,4955.593767200736
13,70,22697,87.87172374152831,258.29697010112665
13,71,5006,331.7550381359941,15.089446804265032
13,72,4010,48.880085198433356,82.03750021549725
13,73,5477,112.31660163518443,48.76393979395713
13,74,2038,27.460700058083923,74.2151509498772
13,75,3409,83.63888032212418,40.7585561508079
13,76,4163,443.4680058018904,9.387373937996621
13,76A,1912,245.13847164909336,7.799673332127799
13,76B,1582,89.00960876824549,17.77336202116175
13,77,12233,28.33703281479978,431.6965745831718
13,78,3223,31.867744521398514,101.13674652549771
13,79,1802,20.24124165994167,89.0261590802623
13,8,2087,0.43511543973247907,4796.428279546101
13,80,5803,41.32480472398516,140.42413603062727
13,81,9500,24.701699877856633,384.58891683467067
13,82,3609,36.18229333626831,99.74492126463473
13,83,2434,73.33315129266923,33.19099148331998
13,84,27749,29.770161672867513,932.107803273719
13,85,2597,28.70418314221139,90.47461783299941
13,86,1683,39.384514839201486,42.73253096734408
13,86A,1589,5.7018538278583994,278.68129348325016
13,87,2310,695.5474687350976,3.321124874770803
13,88,1652,656.4682502851159,2.5164964174314703
13,89,4886,359.95368400080116,13.573968588661883
13,9,2035,0.4950877105711274,4110.382779755223
13,90,3941,306.83523737662773,12.844026760728864
13,91,30775,41.4923820778798,741.7024152104924
13,92,4054,72.64183399962641,55.80806233527707
13,93,6524,197.90815618702027,32.96478591733691
13,93A,161,715.4314638904901,0.2250390262744217
13,94,1667,48.40610703837312,34.43780345067853
13,94A,343,740.2602058983381,0.4633505857359366
13,95,975,505.6531197890756,1.928199316572405
13,96,596,1045.3658047997822,0.5701353509589414
13,97,7565,1838.7673591382666,4.114169181002493
13,97A,381,224.8985130937282,1.6940974609343695
13,98,1829,1784.4944374354332,1.0249401520290125
13,98A,2551,6798.415896593916,0.3752344720890171
13,99,11446,136.1923519181445,84.0428984358782
13,99A,6157,893.3235034160443,6.892240018823867
14,1,12939,7.105817795223944,1820.9023046857087
14,10,24286,295.02237802228535,82.31917918499555
14,10A,1876,28.49329106147627,65.84006024268656
14,11,6329,411.160393232012,15.393019620030948
14,12,3776,160.86528455332632,23.473057039527184
14,12A,181,22.124632858730397,8.180926714387365
14,13,1399,123.29033432543619,11.347199337680525
14,14,5966,205.49068991395507,29.03294549499122
14,15,17284,128.9295906628777,134.05766597982793
14,16,953,139.9186977952841,6.8110982664685755
14,17,2196,153.79235415216522,14.278993335567474
14,18,2516,101.70220180394108,24.738894098382264
14,19,1937,106.85451327027712,18.12745143577197
14,2,16662,24.460106261574552,681.1908264754787
14,20,1280,106.28963922757727,12.042566042202719
14,21,25161,177.50985912050746,141.744239585694
14,22,2260,113.69781307354494,19.877251276048106
14,23,5010,256.6486902264295,19.52084772215243
14,24,1931,166.12772430794485,11.623586659265714
14,25,3228,100.19171436853901,32.218233018015084
14,26,2067,90.6590457801401,22.799710522133026
14,27,1120,93.08172009911685,12.032437720396471
14,28,1404,84.90657036720486,16.5358227747036
14,29,6562,322.33008195285413,20.358013004072628
14,3,17399,3.8869820827451944,4476.223360338182
14,30,176,24.604921252862134,7.153040572301244
14,31,1335,412.3412721395958,3.2376094516874927
14,32,11870,176.4120010242056,67.28567178585152
14,33,3243,204.19033477236644,15.882240477323919
14,34,1926,139.84277822349318,13.772609672570404
14,35,1685,76.13794061145603,22.130884897436637
14,35A,283,47.31525731464793,5.9811573699798615
14,36,10501,376.3186683848022,27.904541767941925
14,37,3080,98.30485952511279,31.331106263502555
14,38,5385,250.54226232532142,21.49337979956349
14,39,5796,326.7965187161564,17.735807048281917
14,3A,19659,5.0957873853074265,3857.892512682607
14,4,65971,16.101537022448976,4097.186492694602
14,40,2251,87.64705932217602,25.682550189455853
14,41,1451,134.04017323401072,10.825112837379042
14,42,1051,91.28603650935231,11.513261394499523
14,43,20897,348.56036362824017,59.95231294367096
14,44,51517,163.1820060702942,315.70270056496264
14,45,1322,83.14157605992585,15.900588642283418
14,46,3093,149.05792950472315,20.7503217727306
14,47,9838,214.12130260154353,45.94591888088524
14,48,8352,412.3518457879431,20.254547385475064
14,49,4983,210.77644260687515,23.641161879242492
14,4A,36379,24.534002545012164,1482.7992266347896
14,4B,3697,6.657535493385304,555.3105955909977
14,5,16930,12.09017574079976,1400.3104969655378
14,50,6398,159.5827083232331,40.09206302628301
14,51,7636,111.0878768884803,68.73837374410965
14,52,1866,100.06820342174261,18.64728191567152
14,53,18291,134.47240594665726,136.02047104932223
14,54,2931,109.1917354843113,26.842690859338223
14,55,5937,109.28507642846373,54.32580727420972
14,56,3240,130.89016445655759,24.75357879984447
14,57,7353,599.3229676353458,12.268844007449896
14,58,4133,408.3095373577326,10.122222534270492
14,59,11490,205.2270540253396,55.986770626163725
14,59A,38182,1235.9466532911704,30.892919122622438
14,59B,2242,255.90908420673495,8.760923852897738
14,6,10151,16.32268880193106,621.8950886816566
14,60,11768,485.6102979565946,24.233423486937383
14,61,13829,262.4930553321287,52.683298544802895
14,61A,5917,150.99293726736704,39.18726337194578
14,61B,2442,189.04089644592761,12.917839715696113
14,62,9429,419.23704623500606,22.490855912372098
14,63,9666,687.9914075377202,14.049594070649853
14,64,4674,225.0802696355473,20.765925007856964
14,64A,1900,163.26800552549238,11.637307590575897
14,64B,1028,144.5843702886322,7.1100354619784625
14,65,20254,974.2048178375261,20.790289299696195
14,66,2056,84.68822135588795,24.277283984510753
14,66A,744,367.0047258249729,2.0272218520554386
14,67,7512,354.57440519216965,21.185962353737015
14,68,10604,479.06142740024853,22.13494845023396
14,68B,4420,409.4037393017192,10.796188641409996
14,68C,1998,328.196498626893,6.087816318453193
14,68D,4881,214.7825156158692,22.725313492134962
14,68E,2854,642.5111891890366,4.441945989457795
14,69,26308,75.77465433667297,347.18733104490866
14,7,25430,15.841065404485539,1605.321318400672
14,70,26483,145.06884135218093,182.55470818649275
14,71,5462,130.77316550020046,41.76697856252189
14,72,2597,391.82988039795384,6.627876356347329
14,73,4089,498.5302719614619,8.20210974132398
14,74,5887,685.4765162703147,8.588186262063697
14,75,16783,2077.8300046688714,8.077176651741818
14,75A,2491,650.7812315486774,3.827707191358479
14,76,1180,631.601656831994,1.868266156739801
14,76A,4396,224.02191459032463,19.62308021534006
14,77,14877,631.0779198212027,23.57395106489379
14,78,13213,480.9782026566718,27.471099370030295
14,79,6489,887.1116435704457,7.314750118579305
14,7A,8123,66.69049195566929,121.80147067140464
14,7B,3471,87.26730080629551,39.7743480998051
14,7C,1055,60.15292246466584,17.538632484892364
14,8,13158,15.596697075882629,843.6401589376499
14,80,19065,813.7219895174824,23.429377902525516
14,80A,26834,13.60785441693086,1971.9493740771654
14,81,15882,1425.2151713350634,11.143580505898358
14,82,9116,1019.6306116453326,8.940492660660626
14,82A,14070,933.4554356091054,15.073028088179633
14,8A,2431,224.89080757238742,10.809690383709945
14,8B,14633,16.441983553179966,889.9777786950712
14,8C,27851,10.65439011566005,2614.0398181087817
14,9,971,354.23150572975356,2.741145223657166
15,1,12647,13.016112676639104,971.6418652935008
15,100,8246,3.514148970767443,2346.5140688669167
15,1000,5149,80.8711464048805,63.6691852273441
15,1010,128,478.4736250789374,0.26751735788755937
15,1020,137,1214.8306572623285,0.1127729195678476
15,103,13882,24.60208437041664,564.2611329588293
15,1030,793,345.92956793930614,2.2923741521254786
15,1040,45,281.8838749110648,0.1596402065006295
15,105,220,23.511139068897513,9.357266755783613
15,1050,119,528.465525965383,0.22518025141302228
15,1060,1663,119.7265829698871,13.88998131198873
15,1070,468,37.36439417306817,12.525293407201262
15,108,9054,29.87928538066066,303.01929529613824
15,1080,283,875.9048846735145,0.3230944420471929
15,1090,64,823.7424822646565,0.07769418401737563
15,11,14053,6.243719829344305,2250.741606622634
15,110,4334,36.28448808134808,119.44498129016951
15,1100,880,80.8113699533457,10.889556760491063
15,1110,26,2040.8063363015629,0.012740062365309154
15,1120,140,819.7908884309306,0.17077525741711794
15,1130,68,554.7494530043998,0.12257785858413578
15,1140,33,677.6336193123617,0.04869888249270633
15,115,12015,42.67085412172375,281.5739278554342
15,1150,139,647.5578116583819,0.21465264953568228
15,1160,57,255.7079225152001,0.22291057484388946
15,1170,90,261.3892766911494,0.344314048147972
15,1180,167,48.3602250682041,3.4532510914594403
15,1190,67,78.61521973400073,0.8522522766799925
15,120,42,2832.232326717532,0.01482929193477453
15,1200,3686,139.67716127752442,26.389425202279778
15,1210,401,347.878706047415,1.152700619581311
15,1220,352,331.0241329449144,1.0633665795556246
15,1230,6,3820.771311007046,0.001570363550080827
15,130,213,185.43645707473806,1.1486414449460323
15,1300,3326,88.63511384082597,37.52463167106602
15,1310,21,2136.237683459397,0.009830366799818295
15,1320,459,88.32793270789254,5.196544127416061
15,1330,25,500.34432889419696,0.049965590806739235
15,1340,65,1293.359634568379,0.05025670993798399
15,1350,180,138.2449842978442,1.302036387896692
15,1360,34,1587.8868521596933,0.021412104995866942
15,140,1913,115.36429983022872,16.582252939732573
15,1400,14597,1431.2316546346585,10.19890801934931
15,1410,133,1434.482825528646,0.0927163418293181
15,1420,191,611.6986337674078,0.31224526172903927
15,1430,462,309.0482257955214,1.4949123193015112
15,1440,267,136.40562245099665,1.9573973213304974
15,1450,426,162.6666382369889,2.618852916720151
15,15,772,0.30100558013489576,2564.736506393097
15,150,9599,1416.628340947338,6.775948018646081
15,1500,14115,44.19377641041631,319.38886301359724
15,1505,18537,56.136536252540594,330.21274979645835
15,1510,739,45.62721395414361,16.19647433969367
15,1520,261,276.36509604004004,0.9444029066615057
15,1530,23,434.47589284156965,0.05293734446248525
15,1540,239,152.65480445024733,1.5656238325462857
15,155,334,18.985819528439517,17.59207704991032
15,1550,251,92.53271543881978,2.712554136228226
15,1560,68,889.1204154437556,0.07648007943452917
15,1570,383,565.1507333266054,0.677695307490048
15,1580,199,555.1095312249922,0.3584878097136167
15,1590,10,1930.8163852562873,0.005179156379840151
15,16,3741,1.0052814823158274,3721.3457780819813
15,160,10594,12.55791675035779,843.6112621703885
15,1600,13424,80.28736090507469,167.19941779966408
15,1610,123,1714.6237179908685,0.07173585592536115
15,1620,689,72.26254044147731,9.534677244816697
15,163,16770,52.36782664731048,320.2347905889518
15,1630,26,994.2267232273352,0.026150976827098382
15,1640,55,740.8318324030791,0.07424087032220701
15,1650,88,666.3038505065933,0.13207187671674608
15,166,12894,29.115908025802135,442.8506914011923
15,169,2141,52.05807357971737,41.12714614230686
15,170,134,1938.8060685435244,0.06911470011060152
15,18,10641,1.8288651779657574,5818.362188860723
15,180,5410,73.66229431600513,73.4432731186942
15,183,14570,29.434149571407847,495.003260231891
15,185,979,3.82103370745948,256.2133901328275
15,187,16019,22.735759647488486,704.5728952262892
15,190,4679,96.29597152318107,48.58977926063747
15,200,2586,69.77961923145213,37.05953154347966
15,205,12157,68.95550168882518,176.3021035632628
15,21,14631,5.595721338248964,2614.6763063398707
15,210,16647,104.96573355132982,158.59461404001303
15,215,59,213.20332799868586,0.2767311399583953
15,220,2350,71.33872397336188,32.941435858559764
15,225,207,20.967302965105166,9.87251437843483
15,230,501,122.01907787982758,4.1059153101731996
15,240,287,595.9287756429729,0.481601177406383
15,25,8493,8.19179968932193,1036.768515112825
15,250,334,872.0447743092706,0.38300785675202836
15,255,24,1740.574594177361,0.01378855010310144
15,260,222,683.3679401493773,0.3248615964504759
15,270,203,150.9756849141322,1.3445873758774916
15,28,7423,1.5843634536092122,4685.162349011684
15,280,41,127.98483507420754,0.3203504538348437
15,290,132,589.5078029052133,0.22391561120900755
15,30,6559,1.5944321828989425,4113.690171553518
15,300,9814,101.05281734611394,97.11752980014668
15,310,8096,90.15838723292822,89.79752465052
15,32,4433,1.0081265728099653,4397.265303347612
15,320,106,8908.658281151846,0.011898536979947414
15,330,204,1426.6289187668265,0.14299443766802158
15,34,20623,7.777793830662223,2651.5230988379258
15,340,166,1596.97090350002,0.10394679053712509
15,40,7782,8.52291346834861,913.0680522452648
15,400,19810,973.5804137125962,20.347574500248697
15,410,128,295.3514882040151,0.43338193681822096
15,42,12410,1.9010719455061882,6527.896026941608
15,420,69,4382.446852578174,0.01574462904425358
15,430,72,1710.2377530875476,0.04209940978674811
15,440,2672,495.3448315066798,5.394222024831944
15,450,1151,527.6195875490408,2.181495962548998
15,46,14337,2.508529491000481,5715.300558129756
15,50,14676,2.103398414040141,6977.2801491329465
15,500,12200,77.91884919056763,156.5731543360224
15,510,212,682.5052681249192,0.31062031298665016
15,520,221,116.6681785043525,1.894261167296404
15,530,328,169.23091038874273,1.9381802015160619
15,54,4511,6.072850539973484,742.8142633030611
15,540,982,80.7899435970776,12.154978160369971
15,550,93,486.61058459720437,0.19111791429070837
15,560,33,2168.7027670014286,0.015216469726567311
15,57,2284,94.32520481813732,24.21410061503329
15,570,58,496.98129164733064,0.11670459426701747
15,580,143,335.2048556420629,0.42660479880607005
15,60,10907,3.6200632724169766,3012.930763698452
15,600,2623,129.38246778696356,20.273225923615367
15,610,30,215.7172275657023,0.1390709510711782
15,620,338,606.1647034519957,0.5576042255102492
15,63,12810,1.7560995642357744,7294.575012080651
15,630,642,500.90301846133315,1.2816852291529137
15,640,386,754.3381277756447,0.5117068669698798
15,65,9809,1.755475105476565,5587.6611234182765
15,650,890,235.26012928442677,3.7830464631089287
15,660,55,157.47490924172735,0.34926198887705867
15,670,1454,810.5143648265084,1.7939225547362512
15,680,548,695.8692621154269,0.7875042480452324
15,69,16596,2.4707509154812564,6716.986279763214
15,690,584,2015.4484825106558,0.2897618098739531
15,700,1382,66.92819645065899,20.64899509161049
15,710,14,1664.867020989546,0.008409080018702532
15,720,981,80.8738140315505,12.13000786159649
15,730,13,2035.7119173697304,0.006385972341703844
15,74,6173,3.659157786863724,1687.0002223355605
15,740,1113,3.148239973212042,353.53086469594757
15,750,792,73.70310185435284,10.745816391352125
15,760,144,175.71402066586953,0.8195134312806172
15,770,45,393.9188981186608,0.11423671272162367
15,780,43,282.7347898800689,0.15208598849204175
15,785,55,174.28564154226618,0.3155739022061774
15,79,4916,14.488591231076528,339.3014490915921
15,790,344,319.11165571822573,1.077992589226357
15,795,14,356.96695797264516,0.03921931620649561
15,8,7491,2.546402751108149,2941.7970102098147
15,800,4881,80.8482290169989,60.372379943829515
15,810,48,1021.9254494615947,0.04697015817082252
15,820,55,110.03268445393843,0.4998514784307016
15,830,418,288.92048415650174,1.446764846806704
15,840,388,1901.6506641670003,0.20403326820804896
15,850,69,1328.8810657471754,0.05192338259496844
15,860,168,826.0128413780297,0.20338666856525756
15,89,6873,10.44947776369372,657.7362194960551
15,900,4386,39.98468018832767,109.69201152396265
15,905,554,45.93009846608856,12.061807366013667
15,910,351,1039.1065328460097,0.3377901965822944
15,915,29,1081.120308697579,0.026824026675565993
15,920,997,84.9714633012787,11.733350954131403
15,930,119,372.8359236572974,0.3191752523004789
15,940,55,227.36547045266593,0.24190128734367417
15,950,87,878.9852704584537,0.0989777678010728
15,960,24,2277.847852382838,0.010536261223458711
16,101,3965,1.3525396137561214,2931.5222708995902
16,102,3689,81.6085445080044,45.20359996909603
16,103,2269,2.523169651098094,899.2657307099909
16,104,4094,1.0594670118591034,3864.2071477204745
16,105,3349,0.7965855602504374,4204.193707637774
16,106,1912,0.4058133783182973,4711.525302402264
16,107,3469,1.4898338731129364,2328.4475286843162
16,108,2268,0.5930239418073874,3824.4661641951725
16,109,2480,0.1446804699120308,17141.22162796333
16,11,7190,4907.208032871235,1.465191602197694
16,110,2231,0.7595685475502536,2937.193762426551
16,111,2857,0.2694260595766533,10604.02250802754
16,112,3067,0.6535959635386946,4692.501439872227
16,113,2239,0.5384959509963975,4157.877131401085
16,114,4508,1.515031848193285,2975.515006747817
16,115,2166,0.648542815779684,3339.794917620073
16,116,1750,0.6356044603961623,2753.2846432658016
16,117,2271,0.7011090770993829,3239.153612723921
16,118,1806,32.414424658393884,55.71593569939632
16,119,2543,0.6093101672588279,4173.572240621685
16,12,3571,75.78444179724046,47.12048957956475
16,120,1548,0.9538135397332542,1622.9587183601077
16,121,575,56.25172477848715,10.221908790606584
16,122,971,6.1801386221064645,157.11621686392533
16,12B,83,,
16,13,52,,
16,14,11,,
16,15,97,,
16,16,105,,
16,17,85,,
16,18,82,,
16,19,1636,74.59976691903064,21.930363425608117
16,2,2159,84.18270127955005,25.646599208434665
16,20,929,101.16307808435198,9.18319230288129
16,20A,113,,
16,21,214,,
16,22,156,,
16,22A,147,,
16,23,3268,81.3981949025726,40.148310462063016
16,24,2381,28.117362350599794,84.68077376216652
16,24A,155,866.4994832245361,0.1788806606360489
16,24B,142,136.5408160074424,1.0399820665511479
16,25,329,298.69914232697306,1.1014427341068758
16,26,9,,
16,27,39,561.6132998248593,0.06944279989836825
16,28,6214,25.167479238680283,246.90593527736416
16,28A,20,,
16,29,144,,
16,3,16,103.06537056410617,0.1552412795144231
16,30,188,,
16,31,609,80.69020374756883,7.547384585930594
16,31A,47,,
16,31B,37,,
16,32,41,,
16,33,58,92.27617199595021,0.6285479636340516
16,34,360,281.6306592068272,1.2782699192406428
16,35,232,238.80083505147175,0.9715208908293562
16,36,906,4293.170054381658,0.21103287047186173
16,36A,111,,
16,36B,5636,16.440287999022015,342.8163789062132
16,36C,84,899.3718427197856,0.0933985210677444
16,37,1852,25.19719338088195,73.50024949227804
16,38,62,,
16,38A,118,1872.3194705537185,0.06302343262237334
16,39,61,,
16,4,884,104.19514037094608,8.48408089717873
16,40,19,,
16,40A,332,196.7545422583462,1.6873816288524175
16,4101,333,43.060225352758856,7.733354790226726
16,4102,3879,35.117438871048286,110.45794125943355
16,4103,7778,20.588251910515595,377.78826652239144
16,4104,7115,9.043466888409696,786.7557970625998
16,4105,3293,3.147052710063876,1046.3758644618194
16,4106,4135,8.414187284190628,491.43189476768947
16,4107,2517,13.508591359881374,186.32586721626194
16,4108,3857,22.691569530589938,169.97502067014247
16,4109,7566,5.843822349378299,1294.700548315764
16,4110,5556,3.4172479161887805,1625.8697455572806
16,4111,1416,0.42752987828034417,3312.0492202687324
16,4112,2189,1.0245144785661955,2136.62182994573
16,4113,2123,0.6422800517262168,3305.4117036550374
16,4114,4629,1.2886665296074409,3592.085224258991
16,4115,2549,1.1268649785996219,2262.02788125308
16,4116,1996,0.461709428862638,4323.065277044245
16,4117,1303,0.9962431607661941,1307.913621206578
16,4118,6685,1.3231887216127787,5052.1893746584665
16,4119,3056,0.5270122364778838,5798.726838723499
16,4120,3338,1.5040374811117638,2219.3595850633965
16,4121,1466,0.2922116723946846,5016.911158907788
16,4122,1122,0.22551676194734122,4975.239934768087
16,4123,3158,0.4885934866848314,6463.4508769804315
16,4124,2627,0.6621532695134523,3967.3594029525966
16,4125,1877,0.35828530004812054,5238.841782646132
16,4126,2360,0.2833066415942647,8330.196520347923
16,4127,4944,1.3185399940666072,3749.6018492028006
16,4128,2120,0.45924605259878526,4616.261779504313
16,4129,8768,15.185223458792983,577.4034227282248
16,4130,6940,69.85692973055066,99.34590636560594
16,4131,217,3.962424710278584,54.764447495266985
16,42,745,1297.396125327667,0.5742270887481221
16,4301,2426,7.2984142960991685,332.40097116666016
16,4302,2463,1.1695803621138618,2105.883511542938
16,4303,2633,15.649990686270517,168.24291162741
16,4304,2865,2.4760302144787323,1157.0941191455354
16,4305,2979,1.9776387724809337,1506.3418261479906
16,4306,3058,6.509122163399924,469.80221345280574
16,4307,2400,23.798633886307606,100.84612467528335
16,4308,1877,529.530830871633,3.544647243504912
16,4309,2103,802.6203889365062,2.6201676770092175
16,44,13089,62.53205885194078,209.31663278497285
16,46,25,,
16,47,10873,186.02337035920422,58.44964521933261
16,48,6834,124.36137462464407,54.95275378409769
16,49,7343,109.92770633922792,66.798446402039
16,5,3,,
16,50,981,280.1222617809702,3.5020422645560805
16,51,15,,
16,52,1065,105.92467147325019,10.054314874782982
16,53,1511,107.16349578799233,14.099950630476796
16,54,3787,169.601167997211,22.32885566013481
16,55,86,220.61434051150036,0.38982053388101
16,56,2,,
16,57,4328,82.685998066119,52.34259851999561
16,58,28512,97.86865692323663,291.32922527345414
16,59,3997,41.883478394550785,95.43142435180422
16,60,6503,45.61061925549872,142.57644614671642
16,61,2743,69.61465481793522,39.40262301341334
16,62,6388,87.96536994292708,72.61948655640971
16,6301,1409,32.9188952498193,42.802165422235255
16,6302,2129,18.893888295971035,112.681940670412
16,6303,4001,20.441879451520787,195.72564301088974
16,6304,1982,50.250480256686764,39.4424091048614
16,6305,8258,3.532361009195569,2337.8131449482307
16,6306,9118,47.19321903812534,193.20572289493467
16,6307,9352,2.682324331623014,3486.5284148324135
16,6308,7496,2.1191001025939853,3537.350590858905
16,6309,4087,3.2369076004083017,1262.6248582086396
16,6310,6142,2.0402775609453982,3010.3747242870213
16,6311,12548,3.2956317098228114,3807.4642753921794
16,6312,10777,37.593889365426264,286.668928964589
16,6313,5263,148.34465434182923,35.47819113098958
16,6314,3092,29.61046303509195,104.4225480815889
16,6315,943,10.832158232239442,87.0555968424996
16,64,23918,158.14168023068692,151.2441246678925
16,6501,3436,1.269279572846926,2707.0474255669587
16,6502,4064,3.860189622486208,1052.798022233562
16,6503,4043,0.6269161981786838,6449.027815433256
16,6504,3777,0.8195548295115572,4608.5995274422785
16,6505,2682,0.6198076604671523,4327.148841591539
16,6506,3420,0.9457204085111308,3616.2907866017017
16,6507,3050,0.6064334306186764,5029.406107919257
16,6508,3640,0.7193164144450549,5060.359984706066
16,6509,4672,1.2831354405663633,3641.0809430513627
16,6510,3965,0.6095288062064801,6505.024798872003
16,6511,4023,2.608292125930829,1542.3885844704992
16,6512,3688,0.8573145114823737,4301.805172553439
16,6513,4730,0.5545095163830781,8530.061000309903
16,6514,4434,0.409482059816264,10828.313215942966
16,6515,1610,12.75895927180327,126.18584052995827
16,6516,2170,5.5132121063391635,393.59994829600436
16,6517,4040,8.124288555231812,497.27431177938087
16,6518,2716,1.7951232820448184,1512.9880087713052
16,6519,2560,3.2765941392180715,781.2990841187673
16,6520,430,14.704060860074865,29.243622159342088
16,6521,1430,12.219272891084879,117.02823995716807
16,6522,1152,11.2220683297996,102.65487307192079
16,6523,1404,13.41195943776769,104.68269058780305
16,6524,1463,11.086531373397598,131.96192305110904
16,66,22533,43.22400504283587,521.3075460654176
16,67,1932,13.59237682623264,142.13849606283222
16,68,5122,55.97411098097331,91.50658956854299
16,68B,1984,,
16,69,18855,158.0465161761234,119.30032028664537
16,69A,229,,
16,7,5754,91.08046908216711,63.17490520178481
16,70,15691,40.45410113817398,387.8716757642501
16,71,487,21.84029305274861,22.298235597104814
16,71A,636,384.4642833928262,1.654249893871591
16,72,263,32.9038526734661,7.992984973826031
16,73,198,134.98756425805018,1.4668017834701539
16,74,482,4.622549899947672,104.27145416114519
16,75,190,16.718264830285882,11.364815782545
16,76,1078,6.3655311333656615,169.34957624345586
16,7A,127,,
16,8,62,,
16,9,16655,1380.9048376177425,12.060932474342147
16,9A,6226,7699.002583434187,0.8086761801322653
16,9B,358,261.93255355028,1.3667640587151346
17,100A,5801,1104.1407013853534,5.253859397377117
17,101A,239,9093.33719367532,0.026282980044579393
17,102A,236,3114.3678155784005,0.07577781879824945
17,103A,684,12284.937907298474,0.0556779370934904
17,103B,92,,
17,10A,5798,276.6886652648559,20.954960314149318
17,11A,6302,20.674019187618512,304.82703642716035
17,11B,836,231.0211555953546,3.618716207377548
17,11C,535,116.5088959509624,4.591924038359929
17,12A,6876,12.311086808779972,558.5209581250131
17,12B,6977,16.029261611602735,435.2664626142054
17,12C,5486,757.1504183741981,7.245588019062171
17,12D,4760,6.022391693376186,790.3836618988689
17,12E,5446,98.22340573671893,55.445033280536286
17,13A,16,,
17,14A,140,1111.4404903092575,0.12596265946820517
17,15A,6165,38.80431999571256,158.87406352388504
17,15B,6296,143.88568057175075,43.75696021301025
17,15C,5536,26.907890915482163,205.73890452390367
17,15D,8066,221.5367149056465,36.40931483269193
17,15E,656,230.67567632254722,2.8438195585161474
17,15F,65,0.6724776183558503,96.65749197559822
17,15G,126,406.2761647910771,0.31013387178348023
17,16A,1636,695.4309232500664,2.3524982069451625
17,16B,545,279.8141408207665,1.9477214353834138
17,17A,5808,1640.491285189379,3.540402836903533
17,17B,643,512.600081103639,1.2543891889669763
17,18A,335,236.69229345513352,1.415339701643059
17,18B,803,1580.0833610018099,0.5082010353497294
17,18C,84,112.28753218697969,0.7480794916761047
17,19A,37,,
17,1A,4829,0.7587308145412852,6364.576088714052
17,1B,1679,0.47789842842453994,3513.298852090939
17,1C,3454,0.7620943052055265,4532.247487492382
17,1D,3465,0.9320836468484951,3717.4775157955496
17,1E,3754,0.6442772376929242,5826.684198005508
17,1F,8666,3.5708279048412686,2426.888170177785
17,1G,7561,92.06100747303631,82.13031996434034
17,20A,49,2128.0750337869217,0.02302550390472098
17,21A,9784,969.7451507580408,10.089248698332689
17,21B,636,498.0026886504284,1.2771015387959852
17,22A,7588,164.48166587110097,46.13280124452578
17,22B,74,369.5164365813075,0.20026172769101494
17,22C,932,1247.984356987506,0.7468042325864911
17,22D,1188,415.4937977082823,2.8592484570229217
17,22E,2210,601.2961202794592,3.6753937460512427
17,22F,122,973.7288846331559,0.12529154873120815
17,23A,200,251.2215437623148,0.7961100668548696
17,24A,16612,238.8592811775435,69.54722428245249
17,24B,183,1016.0926135201066,0.18010169305928014
17,24C,382,438.11176891515544,0.8719236211022169
17,24D,221,24.523969912571847,9.011591548508125
17,24E,949,7925.723885274402,0.11973669708115803
17,24F,248,715.5006869515544,0.3466104289244264
17,25A,8180,302.6227292465115,27.030355652290435
17,25B,125,293.09714574384844,0.4264797587256051
17,25C,1204,805.8316987306854,1.4941085116116601
17,25D,2076,46.94588073000866,44.22113224245004
17,25E,425,547.1180332907276,0.7767976453705439
17,25F,171,2599.090873318423,0.06579223595274818
17,26A,364,784.6965716500857,0.4638735699259764
17,26B,3583,3688.35861599239,0.9714348231932859
17,26C,145,1071.6153492780954,0.13530974532763151
17,27A,3179,390.31938376179016,8.144612161870308
17,27B,172,305.9943138651191,0.562101948325147
17,27C,622,1063.4651080344538,0.5848804961261114
17,27D,183,740.6758848786459,0.2470716324590251
17,28A,233,1238.3445989183358,0.1881544121107484
17,28B,5571,907.3749608451719,6.139688927288568
17,28C,264,1030.8629087480997,0.2560961285537054
17,28D,98,1176.57932994959,0.08329230125451785
17,28E,1789,817.4409285281984,2.1885373457151123
17,28F,798,1000.7101408415143,0.7974337097543032
17,28G,162,942.5900816827111,0.17186686253986222
17,28H,94,1904.1755475906746,0.04936519645940041
17,29A,2228,879.4272188917788,2.533467184251634
17,29B,137,2033.0834638992048,0.06738532993488167
17,29C,5680,1586.1519284946658,3.5809936601663326
17,29D,288,2138.8076054343774,0.13465446787651064
17,29E,201,19.05596366825628,10.54787905241596
17,29F,1543,363.3698696843587,4.246361981912059
17,29G,1504,701.5960331802734,2.143683728060006
17,29H,430,434.2450092942958,0.9902243912919241
17,29I,1415,128.55859403284668,11.006654285892921
17,2A,6820,1.1489586967306211,5935.80954598839
17,2B,4124,0.809987707599822,5091.435291308742
17,2C,3717,1.908439981139203,1947.6640799472327
17,2D,9303,1.096610709820334,8483.411585068488
17,2E,1752,0.506365254962072,3459.953033569077
17,2F,5722,0.8123964967818094,7043.358781908675
17,2G,9583,1.5979844535037924,5996.9294313145565
17,2H,2140,0.6868348241558853,3115.7418417594704
17,2I,8663,1.0612893426867065,8162.712703841147
17,2J,8998,1.7511108808307025,5138.452452383526
17,2K,5525,0.8181072580868767,6753.393207780694
17,2L,4862,0.9109385941945746,5337.352079476706
17,2M,8440,1.1386947595797916,7411.995118968127
17,2N,6775,1.4729910646771063,4599.4847915015325
17,2O,10674,1.6179371995596865,6597.289439234647
17,2P,6448,2.8848806539782745,2235.101126664687
17,2Q,13045,72.3836600560653,180.22023188515058
17,30A,930,697.9203520002719,1.3325302770360214
17,30B,5776,13.888649660464353,415.87916328842624
17,31A,38368,811.9117612133128,47.25636680353447
17,31B,29047,87.3372924079154,332.5841596317619
17,31C,863,0.5979887403442478,1443.1709859673806
17,31D,109,219.3823651126101,0.49684941605971716
17,32A,562,107.24190318839891,5.240488869473881
17,32B,9800,138.3210573739979,70.84966082570043
17,33A,240,508.8367601005896,0.47166403612929914
17,33B,296,215.25965626914717,1.3750834927930025
17,33C,215,927.1414290752216,0.2318955806067819
17,34A,14759,220.27245309307034,67.00338509311453
17,34B,89,105.18210240841431,0.846151559648614
17,35A,2774,853.377976825463,3.250611189099566
17,36A,278,61.077716144030674,4.55157817860172
17,36B,20960,94.42173471185514,221.98278885643438
17,37A,108,855.6250154901571,0.1262235185329763
17,38A,148,800.0424333645698,0.18499018780489881
17,38B,113,1166.543798965879,0.0968673444581957
17,39A,98,3924.3697397798137,0.024972162792565648
17,3A,18572,3.459366437246451,5368.6131078911485
17,3B,23149,2.8690031153210445,8068.656278684313
17,3C,10893,2.6068842851010063,4178.551407999277
17,3D,7047,1.1735749989100979,6004.729145171435
17,3E,4987,0.9346825587164258,5335.501292383707
17,3F,5554,1.0480472003553347,5299.379644463481
17,3G,10062,2.482695469385343,4052.8530881361435
17,3H,6615,3.0104255860739197,2197.3637317596103
17,3I,17971,3.211070477398121,5596.576009929752
17,3J,3598,1.6844394840093486,2136.0221213978803
17,3K,7697,1.4074812751061765,5468.634031681423
17,3L,8729,37.96853952545993,229.900862901159
17,40A,18813,581.80654393319,32.335490544362685
17,40B,2236,1352.3098841272358,1.6534671721660061
17,40C,292,421.2256604790423,0.6932151276537156
17,41A,1987,226.6189047562181,8.768024018726441
17,41B,2069,1164.8859343137956,1.7761395678786307
17,41C,1077,1273.9674170951241,0.8453905378959805
17,41D,209,1505.9065498877692,0.13878683243364348
17,41E,558,459.9425596761422,1.213194970243464
17,42A,1222,1257.8274528742477,0.9715164009241659
17,42B,2089,1500.8291708924664,1.3918972528750746
17,42C,13086,120.11777269131724,108.94307900321171
17,43A,36619,104.15749462265741,351.5733566044729
17,43B,4241,12.871008265075888,329.50021572960236
17,43C,8353,26.949770044252475,309.9469860516093
17,43D,378,1750.0566430753129,0.2159930088524186
17,43E,8674,749.2119001476733,11.57749896696824
17,43F,1436,220.06084342037403,6.525468037295771
17,43G,3632,,
17,44A,9122,49.66977220104593,183.6529461636611
17,44B,818,1781.5216205668987,0.45915805374267865
17,44C,1025,155.53575190689645,6.5901246975908405
17,44D,559,594.1918525860166,0.9407735861189344
17,44E,1032,24.4173818550686,42.26497362106723
17,44F,421,196.70522768058908,2.140258319334664
17,44G,582,38.998604372786744,14.923610969168939
17,45A,22769,491.3386857863803,46.34074348035215
17,46A,1512,46.69078665184253,32.38326248976002
17,46B,182,65.47852819020743,2.779537125075741
17,46C,38,14.842409847376327,2.5602311478224817
17,46D,340,,
17,46E,23,147.20570296430031,0.15624394664640037
17,46F,389,113.13967228435112,3.4382280958206772
17,46G,9,97.9272373457683,0.09190497193566458
17,46H,63,74.9006139448364,0.8411146008282244
17,46I,48,21.01342569275525,2.284253919462016
17,46J,75,,
17,46K,51,49.814471838014455,1.0237988704535625
17,47A,110,108.72400695523112,1.0117360744926767
17,47B,85,266.30399092047327,0.31918410124534585
17,47C,23,536.1025756603448,0.04290223745272951
17,48A,37,192.58619902001115,0.19212176255763488
17,48B,146,323.57535941894565,0.45120864661072074
17,48C,1553,820.6141811606149,1.8924849651069322
17,48D,248,641.3105555224645,0.38670812115038206
17,49A,1737,222.34088857917334,7.8123282276146515
17,49B,55,,
17,49C,62,,
17,49D,134,,
17,49E,174,326.9493927008996,0.5321924551154588
17,49F,108,257.70908355744257,0.41907719553054534
17,49G,297,,
17,49H,122,324.69377515187597,0.37573864772410354
17,49I,105,225.42466578150476,0.4657875376502603
17,49J,407,171.46191267432164,2.373705003355844
17,49K,153,,
17,4A,14146,31.267866698869458,452.41333974701485
17,4B,3514,196.0977619198842,17.91963337876159
17,4C,3629,15.410061969574908,235.4954838705368
17,4D,10883,2.3229214784450107,4685.048591175454
17,50A,2016,444.4822445230843,4.535614245205915
17,50B,291,65.41788141182832,4.448325040795097
17,50C,75,917.872156935435,0.08171072565313217
17,51A,1687,181.0422271245748,9.318268046046398
17,51B,27,240.82370900695003,0.11211520705887308
17,51C,409,69.3200328050423,5.9001703180130285
17,51D,119,191.0710245497803,0.6228050552426727
17,51E,21,151.03890488098654,0.13903702504031845
17,51F,87,159.54191024381095,0.5453112593866223
17,52A,8170,8.303358516436102,983.9392077106962
17,52B,5160,11.289416187430575,457.06526487570255
17,52C,973,16.772277105159617,58.01239711813957
17,52D,674,20.725259844624336,32.520702034759786
17,53A,7124,8.64248715753213,824.2997496144691
17,53B,4389,44.8737007078951,97.8078458153062
17,53C,6173,7.251373303416594,851.2870240856994
17,53D,1402,30.527502199950522,45.9258012927855
17,54A,9450,29.9636927700758,315.3816878484866
17,54B,178,28.280685130504743,6.294048364761916
17,55A,1529,81.85963352260197,18.678314746887224
17,55B,449,48.26720905496887,9.302381653943542
17,55C,150,116.79513530562437,1.284300066158463
17,56A,5893,29.23843796401495,201.54975471852424
17,56B,361,102.66976080925947,3.516127798044334
17,56C,112,51.53714617600802,2.1731897924169328
17,56D,222,9.248126003506874,24.00486324643695
17,56E,152,71.79361417733928,2.1171799433935843
17,56F,746,10.278292546356072,72.58014856411893
17,56G,942,91.2056718643212,10.32830503569265
17,57A,335,407.7014614322877,0.8216796643875602
17,57B,149,192.1773181752418,0.7753256285121564
17,58A,10983,311.74197782199326,35.23105895694088
17,59A,2654,387.52225655459165,6.84863889779224
17,5A,9455,4.730233581342615,1998.8442087285512
17,5B,6078,1.1214821512763606e-07,54196136720.34476
17,5C,9493,7.634528192290111,1243.4298179141842
17,5D,13378,4.949245617758036,2703.0382068732556
17,5E,24020,2.332674609105847,10297.192718708104
17,5F,12959,2.691511959048931,4814.7659000479325
17,5G,11421,2.323108719220681,4916.257214096864
17,5H,4155,0.623757673354138,6661.240698903597
17,5I,14648,2.8472713801684293,5144.5745923711365
17,5J,1421,20.676385182547122,68.72574618117784
17,5K,3380,11.668028841609745,289.68046324555434
17,5L,9928,4.387686470088538,2262.695857527775
17,5M,5063,1.8468762631283073,2741.385603940842
17,5N,15061,5.430369039135861,2773.4763312507152
17,5O,3741,1.1192512372789034,3342.41310207977
17,60A,433,624.6545877298394,0.6931830943139904
17,61A,5248,623.821095883691,8.412668366987175
17,62A,92,272.3392952142936,0.3378139020577572
17,63A,2791,2693.1784803241467,1.036321959495265
17,64A,14,,
17,64B,63,,
17,65A,77,,
17,65B,118,,
17,66A,127,,
17,66B,117,,
17,67A,14159,59.79115760853298,236.80759106057727
17,67B,8834,33.126734151739925,266.6728316632447
17,67C,87,95.00366851657637,0.915754110956464
17,67D,299,180.45993997882428,1.6568774212996278
17,67E,123,95.60904250341952,1.286489193693168
17,67F,15,47.27309731680116,0.31730520848839966
17,67G,58,297.3327845854724,0.19506762458388474
17,67H,135,236.3726345751107,0.5711321035223385
17,68A,34,189.04657856707695,0.17984985635662387
17,68B,61,246.81520264599465,0.24714847118834848
17,68C,42,260.35076087512425,0.16132082679084261
17,69A,87,120.9606837411746,0.7192419661429666
17,6A,9266,68.33118830106132,135.60425671473476
17,70A,71,,
17,70B,133,1479.283892624636,0.08990836759807021
17,71A,711,417.39371699436913,1.7034276536788209
17,71B,97,105.57480916639828,0.9187797805735706
17,72A,927,303.1625046425413,3.0577660027351503
17,72B,55,490.85485018503266,0.11204941741793363
17,72C,513,327.8278575279074,1.5648456597570548
17,72D,261,95.99302468582765,2.718947557431575
17,73A,964,436.25252117253234,2.2097293498935455
17,73B,359,162.29457495788506,2.212027112385977
17,74A,2687,569.806053772584,4.715639614935386
17,75A,1514,180.5325050964753,8.386301398692325
17,75B,235,129.10686167571515,1.820197601815018
17,76A,97,360.07313865020706,0.269389714444183
17,77A,8441,45.33604671230856,186.18738536168618
17,77B,879,,
17,77C,88,171.07519075264304,0.5143936979572851
17,77D,125,157.75265528567863,0.7923796894171705
17,77E,146,25.157275015441797,5.803490239319786
17,77F,4829,5.322640489112763,907.2564660110928
17,78A,333,651.1785178045067,0.5113805061056567
17,79A,2554,312.80083244699216,8.164939907673698
17,79B,1722,350.07043332310053,4.919010107919241
17,79C,318,410.3445536303158,0.7749585005738615
17,7A,139,736.8385661702087,0.18864376320917384
17,80A,122,261.38967383297023,0.46673611168725365
17,81A,228,861.079596500279,0.2647838840063912
17,82A,1025,311.19716286082786,3.2937318276850607
17,82B,88,841.27253715108,0.10460343837920447
17,83A,173,546.7829709845477,0.3163961007938725
17,83B,332,750.6667517302327,0.44227348451861487
17,83C,95,490.37464988949716,0.19372942712558175
17,84A,1452,578.4896997332273,2.5099841892942867
17,85A,1218,260.2789475574533,4.679594763349586
17,85B,109,77.73247377136434,1.4022453514164914
17,86A,891,218.3112959020582,4.081327978556513
17,87A,658,261.5670489427323,2.5156073850267853
17,88A,218,462.6110880485881,0.4712381644797572
17,88B,100,1509.4788459642518,0.06624803008492658
17,88C,386,,
17,89A,375,322.06318878519943,1.16436777954809
17,89B,4501,278.5276265436769,16.159976860658677
17,89C,676,42.82444317592725,15.785377458918076
17,89D,118,521.271546516849,0.2263695396161162
17,89E,135,660.7242561951044,0.20432124102332944
17,8A,5162,91.64044140921497,56.328842600718104
17,8B,162,189.49876570881074,0.8548868347191975
17,8C,89,401.77954565510237,0.22151451203143085
17,90A,1312,571.7571509550404,2.2946805261787935
17,90B,392,305.29501083116355,1.2840039505813827
17,90C,101,459.4518745933279,0.21982715837082517
17,91A,20522,24.402827272973177,840.968129243315
17,91B,418,31.23913914312983,13.380650410526032
17,91C,151,27.571636489290178,5.476642638120297
17,91D,572,36.445049965832,15.694861182417421
17,92A,101,169.57691206231607,0.5955999479627542
17,93A,11355,61.832857948938525,183.64022587112083
17,93B,127,544.1953048410312,0.23337209797702846
17,94A,191,147.1832601453653,1.297701924874875
17,94B,22,,
17,95A,6051,65.1491932728449,92.8791239925014
17,96A,76,,
17,96B,108,326.0987994761694,0.33118797178488973
17,97A,206,454.089954767807,0.45365460705981797
17,97B,151,396.67357961245165,0.3806656348212713
17,97C,224,1041.7769891855228,0.21501722760753877
17,97D,75,332.45864380875315,0.22559196879580534
17,98A,76,1249.2843197083785,0.06083483063146166
17,99A,977,1344.2915744439247,0.7267768530083533
17,99B,222,415.9576853458281,0.5337081338344036
17,99C,314,2680.93898753558,0.11712314284654446
17,9A,11482,34.23589631744682,335.3789803992572
17,9B,326,371.5996252177285,0.8772882906138276
18,1,4435,1.0744442683320858,4127.715257753363
18,10,2374,0.5676824990033825,4181.915074302572
18,100,793,3538.9099746336883,0.22408029751649255
18,101,4862,0.8732979651261378,5567.401040832313
18,102,6063,0.8847815394031038,6852.538994077854
18,103,7468,5.211065375243886,1433.104262225934
18,104,5562,13.950169671388192,398.70482804289225
18,105,730,28.068905849853543,26.007426292457673
18,106,1615,15.442985335596958,104.57822531744127
18,107,997,32.489033305694576,30.687278092243172
18,108,1748,31.0902745845859,56.223369634266035
18,109,804,27.830889033561732,28.888764531756173
18,11,2740,0.5253235712128175,5215.8329649555735
18,110,1325,216.2228619040382,6.127936649862899
18,110A,347,101.25748118382131,3.426907285695379
18,111,688,4659.819759602646,0.1476451956284823
18,112,295,2597.4318587555626,0.11357372052152136
18,113,5062,332.42374116498075,15.227552587730932
18,113A,181,155.7973875248346,1.1617653086201336
18,114,333,552.1000156187575,0.6031515859074834
18,114A,148,1206.6696692925739,0.12265162849975915
18,115,889,584.6380709122308,1.5205988871249232
18,116,137,859.0967242983363,0.15946982001577784
18,117,213,1327.1782016565078,0.16049088188319066
18,118,10711,1.5469890820453995,6923.772200019744
18,119,518,,
18,12,4223,1.0138275672414088,4165.402615250089
18,120,394,204.49390006448292,1.926707837621368
18,121,933,3927.5597133732967,0.23755208528673555
18,122,266,4339.114263475888,0.06130283367714733
18,123,802,,
18,124,1157,83.17346548199583,13.910686458657302
18,125,985,170.0433809637889,5.792639468923273
18,126,480,341.5205185469981,1.4054792433619039
18,127,229,1995.647534181534,0.11474972212160639
18,129,1560,11.546150906839191,135.10996111058597
18,13,2074,1.2672839862336291,1636.5708258998307
18,130,870,417.78154815422783,2.082428014936724
18,131,544,176.52967584346987,3.081634843551
18,132,825,2252.156650818485,0.36631554900951324
18,134,1535,2867.763522421564,0.5352603127833333
18,135,1246,1138.9903313077755,1.0939513407188954
18,136,3874,345.28484096040336,11.219722213186484
18,137,1016,1217.8863044659468,0.8342322237095231
18,138,517,13930.479003035858,0.0371128659601246
18,139,2894,2781.48626134371,1.0404509417213283
18,14,5073,1.4832354014027265,3420.225808528005
18,140,279,7439.368739165525,0.03750318202822347
18,141,1258,3394.6682692072186,0.3705811290638392
18,142,4797,9146.306664592797,0.5244739954510991
18,15,2466,0.7869699360098042,3133.537746693894
18,16,1974,0.6152233422675756,3208.590871608151
18,17,3557,1.049572474638942,3388.998936184588
18,18,739,0.5964052953140818,1239.0902726824788
18,19,2927,0.815597347827531,3588.780674430238
18,2,2203,0.659715511219768,3339.318179629893
18,20,2121,0.8655736030666455,2450.3982012453907
18,21,2070,0.6582137439119762,3144.8750791761404
18,22,4394,1.3593857028330083,3232.342366734288
18,23,1517,0.5369605415567614,2825.161036231635
18,24,4507,1.01628819576334,4434.765668624898
18,25,3212,0.946039086124088,3395.2085565085154
18,26,3500,0.779807031422716,4488.28987039837
18,27,2711,0.7507901014521432,3610.8627361449094
18,28,824,0.2928119757951318,2814.0925512435942
18,29,1763,0.4591759234933597,3839.487024030552
18,3,2237,0.7586371522078087,2948.7087384131073
18,30,2957,0.8517332896109232,3471.7440730193543
18,31,5469,1.5440870288384003,3541.898803537174
18,32,10433,4.415388831515646,2362.872308217241
18,33,14280,6.829017869611437,2091.076677884358
18,34,12463,7.208075850038928,1729.0328597100836
18,35,1651,10.038158005563664,164.47240610129177
18,36,3539,8.633562229354371,409.91191190668593
18,37,2273,8.49552526827256,267.5526148440473
18,38,1284,9.074253864584549,141.4992372002352
18,39,24076,4.367706904297697,5512.274639195664
18,4,1850,0.7839813723320982,2359.7499446917104
18,40,15612,3.9025411432276904,4000.4703158844136
18,41,13597,8.81990278176362,1541.6269698702004
18,42,11756,11.611700398715548,1012.4270861570295
18,43,7781,,
18,44,2052,17.126361173575,119.81529404892612
18,45,11579,2.491705297695684,4647.018253205224
18,46,6679,5.006235944207003,1334.1360803676557
18,47,6624,2.3373858041821953,2833.9352400223916
18,48,18896,7.964777839883876,2372.445331165131
18,49,12800,2.4491499115289885,5226.303191873233
18,5,2847,0.9354040233352517,3043.6046125275498
18,50,2853,3.7150773177472813,767.9517156671127
18,51,4785,27.208350033542935,175.86512942170208
18,52,12510,63.495911573926165,197.0205591179682
18,53,4954,2478.5507008621294,1.9987487035374423
18,54,27301,9.091428103694776,3002.938558014314
18,55,15225,4.64865728118091,3275.139266909424
18,56,33113,10.012368086453794,3307.2096145566347
18,57,8333,1.9221628502855437,4335.2206077451265
18,58,13879,31.499659822966517,440.607932847604
18,59,812,11.732584019020846,69.2089652785428
18,6,4076,1.100236153530388,3704.6592105895775
18,60,3541,51.38079400809225,68.91680185873165
18,61,201,170.84306128370545,1.176518370074248
18,62,5434,75.73298929405493,71.75208651676148
18,63,4338,77.45738403718197,56.004989762081614
18,64,4148,318.66317158106364,13.016879168745751
18,65,3420,207.80889121780473,16.457428649746724
18,66,3228,70.13979612911591,46.02237500174336
18,67,4727,3.7993417935042952,1244.1628726538145
18,68,464,19.7457937827642,23.498675470064846
18,69,293,2332.7104018110576,0.12560496140992133
18,7,4508,0.7500222703072752,6010.488192774764
18,70,234,55.93702948847806,4.183275410579309
18,71,1985,18.103060903260698,109.64996530738426
18,72,273,139.07286914109034,1.962999697108713
18,73,1271,121.82828939344996,10.432716459600348
18,74,5737,12.247814895421655,468.4100836749699
18,75,2170,11.986851519140135,181.03169097698665
18,76,1043,11.58277353392478,90.04751728462598
18,77,1741,13.22888057790262,131.60599566588783
18,78,5463,895.4716072865842,6.100695941163031
18,79,5899,13.570492682547812,434.6931344347097
18,8,3628,0.9650395058841739,3759.431585835451
18,80,1082,53.85606416276944,20.09058806692346
18,81,4916,3654.8669873527715,1.3450557891740598
18,83,22452,31.82111005847429,705.569351878119
18,84,14870,48.46105054321182,306.8443591981296
18,85,1685,277.352960455693,6.0752912001787625
18,86,8372,37.73822101004399,221.84405560007187
18,87,702,43.552729142239514,16.118392895823536
18,88,3506,108.88689719578022,32.1985481292222
18,89,8429,87.22810271582429,96.63170168288977
18,9,4678,1.0458493615760267,4472.9194966955465
18,90,2169,61.01283874108535,35.54989482138978
18,90A,604,62.05590367781346,9.733159364431996
18,91,1837,129.4914641057307,14.186263262110284
18,92,1584,239.4901388848903,6.614051030975189
18,93,4095,154.69266011632183,26.4718442162721
18,93A,406,440.2348451759686,0.9222350398858491
18,94,302,152.61155614938053,1.9788802867876782
18,94A,294,49.2358338266742,5.9712607089172804
18,95,150,97.08386917237512,1.5450558499442457
18,96,488,1465.7273682729733,0.3329404980511465
18,97,6180,,
18,98,7496,132.7597515443638,56.46289566529575
18,99,850,63.5129208919206,13.383103596297167
19,10,909,176.04782614404883,5.163369636022786
19,100,1338,152.28614278589862,8.786091600475523
19,1001A,9446,15.273752161678482,618.4465938696984
19,1001B,3606,0.5405010694108837,6671.58716990207
19,1001C,2419,0.4499108114162747,5376.621184952696
19,1002,7962,24.512596785213812,324.8125879834461
19,1003,6660,2.2492883960128465,2960.9364507484715
19,1004,11742,29.85062249517624,393.35863102678906
19,1005,5182,0.8433191482436957,6144.7673882326535
19,1006,4889,0.9471284235257615,5161.918783727665
19,1007,7893,1.6487128493694365,4787.370950022462
19,1008A,2640,12.613260913791269,209.3035272990697
19,1008B,3788,0.5897897520521028,6422.627702194058
19,1008C,5925,1.1796474870751636,5022.686916996312
19,1008D,3991,0.6954620980787319,5738.630489030887
19,1008E,4615,1.073449917534255,4299.222464519618
19,1009,4369,8.57494145735148,509.5078516547029
19,101,3394,175.7269515416667,19.31405495983493
19,1010,3172,0.6259355680256209,5067.614243436256
19,1011,3186,0.8212192669148922,3879.597238346557
19,1012,3355,0.7976715460580787,4205.991822799358
19,1013,4516,1.0290836298224169,4388.3702637260885
19,1014,3029,1.1563514341332461,2619.445880023848
19,1015A,953,0.5346896763972625,1782.3422483510647
19,1015B,995,0.7440701732419879,1337.2394644777735
19,1016,2536,0.9017988861771906,2812.1569441611755
19,1017,5379,1.2785600768143637,4207.076458544065
19,1018,5772,1.2634264195932758,4568.528812194802
19,1019,3504,0.7359075366541357,4761.4677462487
19,102,428,175.80098668248175,2.4345710913046283
19,1020,9979,29.053515750547724,343.4696195007612
19,1021A,2869,2.189366279227621,1310.4248600248582
19,1021B,2251,18.055356609678824,124.67214293587091
19,1021C,6949,10.373449687628018,669.8832316396911
19,1022A,2386,3.6727608407473307,649.6475276932267
19,1022B,2426,1.1124428920575797,2180.786103557063
19,1022C,3149,1.5616376485185874,2016.472901371985
19,1022D,3061,0.8130134520810645,3765.0053540501467
19,1022E,3118,2.6136184321170184,1192.9820978016423
19,1022F,2588,25.439684184120942,101.73082264973202
19,103,29,176.71387560247788,0.16410709063523793
19,104,625,175.79170849520554,3.5553440224801385
19,105,901,166.1239854462279,5.423659910276121
19,106,254,175.78622849741166,1.444936854104814
19,107,1415,166.09977848937683,8.518975840118285
19,108,2504,175.86781891255137,14.237965851189015
19,109,47,174.96006168301628,0.26863273565342133
19,11,36,176.27921840610352,0.20422146368419303
19,110,642,160.74154383851274,3.99398926169938
19,111,739,161.7869940173253,4.5677342884611765
19,112,9,174.08170471419487,0.05169986136553571
19,113,296,121.05611407591532,2.4451470482058912
19,114,37,133.31821479725224,0.2775314690214603
19,12,528,175.95591528917387,3.0007516322043566
19,13,173,156.77298706982288,1.1035064345807866
19,14,52,175.32469221989362,0.2965925640113555
19,15,564,122.0774740033016,4.62001695730325
19,16,413,175.84871586148859,2.3486097011098406
19,17,1244,174.72113473853017,7.1199171288673435
19,1801,1419,0.9045942172078486,1568.6591545764397
19,1802,1380,1.7789003439141233,775.7601513323558
19,1803,1846,1.4703854676621355,1255.453104372066
19,1804,2224,2.4008332071229903,926.3450677879883
19,19,50,,
19,2,15258,94.6375718388398,161.22560737275836
19,20,27,,
19,21,644,152.1959678443864,4.231386738566303
19,22,32,,
19,22A,30,,
19,23,98,118.29897178901496,0.8284095670314195
19,24,2338,320.68080507893063,7.290738837407301
19,25,585,39.3359695396457,14.871884609591069
19,26,248,184.00570732776873,1.3477842812681808
19,26A,573,22.409718826653297,25.56926324834093
19,27,115,57.011598465517025,2.0171334096088667
19,28,28,,
19,3,15879,229.98759391764432,69.04285457104295
19,3001A,3257,1.4769349135851633,2205.242742954627
19,3001B,12577,31.525453089949643,398.9474779034838
19,3002,4866,8.225167111329396,591.5989224459089
19,3003,7031,6.644942324766896,1058.0979723171106
19,3004,5144,10.832858352156206,474.85158882153405
19,3005,1156,4.123165851775985,280.36708722305514
19,3006,4514,55.77909979927819,80.92636876973073
19,3007,5965,9.444327502990939,631.5960557393773
19,3008,1823,0.5351535729048973,3406.4987926820163
19,3009,5402,1.3934181938429397,3876.797377750395
19,3010,3984,0.8916754165359108,4467.993539036355
19,3011,3667,1.061324235649485,3455.117556753006
19,3012,2542,0.7162251729919704,3549.163162446537
19,3013,2456,0.5582681374237536,4399.319673398757
19,3014,3616,4.21653622738193,857.5759355553299
19,3015,4867,5.68226653037246,856.5244122191816
19,3016,4712,0.8152168846432827,5780.05692566322
19,3017,5662,2.6747040297009717,2116.8697310531975
19,3018,6588,8.510807804650169,774.074582720623
19,3019,4645,31.78603776287233,146.1333442894726
19,3020,4124,12.609005900748835,327.06781426401585
19,3021,8277,19.82990301535452,417.3999234182348
19,31,37,,
19,32,135,175.811441821011,0.7678681125739243
19,33,14,,
19,3401,1835,0.8874869627554741,2067.636007071791
19,3402,1753,13.399909886216765,130.8217752869478
19,3403,788,0.32537201628452317,2421.8431842980913
19,3404,1118,0.4026321816858548,2776.7278693889793
19,3405,2055,4.537904985965633,452.85214352338653
19,3406,1199,38.360044737585625,31.256480752359646
19,3407,974,42.531738381317695,22.900545264988157
19,3408,102,67.02326222482915,1.5218596740015664
19,35,8,,
19,36,265,173.26283661735346,1.5294682066486405
19,37,60,,
19,38,366,137.24287453747996,2.6668051163563193
19,39,468,85.24000518818384,5.490379769062651
19,4,3129,25.32885897795467,123.53497655474213
19,40,580,,
19,41,329,176.84031512406176,1.8604354995024246
19,42,5788,117.24432840764844,49.36699351354227
19,43,618,132.36239522313917,4.668999823992028
19,44,301,138.73323494008804,2.169631524342288
19,45,5259,168.14438757973628,31.276690680538554
19,46,1736,119.02314764942193,14.585398170726595
19,47,678,124.55528161197515,5.443366120050705
19,48,965,142.76541445893102,6.759340164123568
19,49,3651,175.7454454163474,20.77436482834959
19,4A,3057,42.10814909696966,72.59877400358114
19,50,7,,
19,51,2455,158.47950835098288,15.49096173722938
19,52,954,173.18680063712065,5.508502937235511
19,53,577,151.81959630279394,3.8005633926809583
19,54,11,,
19,55,677,138.73777190899358,4.879709329944299
19,56,297,,
19,57,269,,
19,58,639,175.74646584733935,3.635919487308848
19,59,36,,
19,5A,251,493.14974145467437,0.5089731959700714
19,5B,21,42.43759389359726,0.494844265974475
19,6,579,255.87703187471513,2.262805675671177
19,60,491,147.49837689764146,3.328850190268441
19,61,326,175.22396092020102,1.8604761488553732
19,62,8,174.05518960186956,0.045962433055280014
19,63,6462,148.65347233539606,43.47022574366953
19,64,92,,
19,65,20,,
19,66,996,139.63803281069178,7.132727237358635
19,67,37,,
19,68,329,102.74260608973479,3.202176901300842
19,69,39,,
19,7,86,170.0002717134532,0.5058815443834039
19,7001,5362,32.38023088868001,165.5948661525614
19,7002,3185,11.346022903919666,280.7151040475769
19,7003,2515,6.0211190891916315,417.6964386096626
19,7004,1000,11.768415957633382,84.97320315665483
19,7005,3367,2.3419480287080034,1437.6920233612072
19,7006,3034,4.143467699947603,732.2369135490949
19,7007,2164,26.21613300245263,82.544591904441
19,7008,1041,20.424362965146422,50.968541921059476
19,72,3595,62.439001420793396,57.57619305556023
19,73,1661,35.939760327133094,46.21622361643883
19,74,50,,
19,75,4899,170.87940750000323,28.66934097954376
19,76,110,4.206669450246923,26.14895258612326
19,77,1,,
19,78,7,,
19,79,23,174.07960686228213,0.13212346014887177
19,80,614,175.23101780568774,3.5039458635163534
19,81,2300,173.6133472614869,13.247829364961591
19,82,7712,175.8980611087931,43.8435759404427
19,83,3073,175.85018389548205,17.47510256700364
19,83A,5,90.58365221176393,0.055197597777479096
19,84,138,174.28291245785292,0.7918160079713652
19,85,41,175.94973022574067,0.23302110180787242
19,86,107,175.66261344717043,0.6091222138863354
19,87,37,151.63105987541752,0.24401333097849337
19,88,428,174.15192865368795,2.4576242325234587
19,89,23,176.34080794887768,0.13042925382687282
19,8A,384,586.1905064705142,0.655077139191635
19,8B,48,503.67849945642877,0.09529888619784592
19,90,80,,
19,91,52,125.68037629287981,0.4137479655441321
19,92,1217,164.24315022934437,7.409745845112059
19,93A,431,,
19,93B,35,1127.2857369309174,0.031048028776882217
19,94,31,,
19,95,8,173.1924461674154,0.04619139100481813
19,96,143,176.52568130413715,0.810080431037252
19,97,45,172.81483682518342,0.2603943088840297
19,98,942,173.45628835514972,5.430763040837505
19,99,104,121.53283145070492,0.8557358432168477
19,9A,227,576.4882188246748,0.393763467469986
19,9B,40,12.721949866190874,3.144172113608285
20,1,12556,5.8312474559516545,2153.227091603656
20,10,10588,5.675797165015261,1865.4648311364613
20,11,38,,
20,12,21,0.15549167194805694,135.05546462330918
20,12A,5,1.6886924328276867,2.9608707321721015
20,12B,458,0.366959912826901,1248.0927316331788
20,13,3906,41.2309392773844,94.73468391593207
20,13A,29,,
20,14,7328,6.579059115214223,1113.8370809062703
20,14A,8,,
20,15,4390,3.365073219555766,1304.5778542017988
20,15A,9,,
20,16,343,15012.94329619471,0.022846952341912814
20,16A,2108,5731.657447916081,0.36778192331895687
20,17,21339,18444.208504983904,1.1569485345079393
20,1800,9852,3.6623186808525503,2690.099048864463
20,1810,29818,17.238790554156065,1729.703711308868
20,1820,11104,39.66111413786054,279.9719635056876
20,1830,16983,15.28540051932129,1111.0601896582878
20,1840,8705,73.77384040769296,117.99575502500564
20,1850,15097,11.629702779392751,1298.1415162863084
20,19,112,,
20,1A,55,,
20,2,911,1.4013756156019983,650.0755328246921
20,20,61,0.26574110936837614,229.5467199071577
20,21,9330,4.396336952468811,2122.2213176268565
20,21A,12,,
20,21B,7563,5.190436955007151,1457.1027575441537
20,300,16737,12.741332424213486,1313.5988798309031
20,310,23063,15.505089823144978,1487.4470424268727
20,320,8650,27.405287352296735,315.6325233449915
20,4,1016,6.448337766942254,157.55998471553056
20,4A,34,,
20,5,19829,12.687032308435791,1562.93446078918
20,5A,351,1.0900551083212038,322.00206881336106
20,6,18848,13.720116032986835,1373.7493148515914
20,6A,22,,
20,7,1,,
20,8,6760,9.910661297823413,682.0937369219384
20,8A,24,,
20,9,3963,1.046241605612701,3787.8440111155624
21,10,3922,26.24078815599723,149.46197411008947
21,100,9057,1.8768720240790617,4825.582076883512
21,1000,93,92.0992967392723,1.0097796974853948
21,1010,173,106.63699455368823,1.6223262923346942
21,1040,246,613.4785979936635,0.40099198375383405
21,1050,733,590.8786473246018,1.240525450223831
21,1060,7776,269.7189009933712,28.83001514302888
21,1064,30,169.1313170273788,0.1773769667692213
21,1066,59,131.5114605073442,0.44863010244422896
21,1070,3716,742.2326110110628,5.006516750777222
21,1080,5421,596.581286838473,9.08677512955206
21,1085,797,162.69051183020204,4.898872042592247
21,1090,728,575.2520226137191,1.2655322734759873
21,110,7557,1.2869730100228547,5871.918013156934
21,1100,510,212.34752132611283,2.4017233486646976
21,1110,176,62.43572161346596,2.8188991085840325
21,1120,163,161.38325205420782,1.0100180652280395
21,1130,163,181.43307536326247,0.8984028941450942
21,1140,165,98.15790188696388,1.6809650250064407
21,115,9976,3.267779191090922,3052.8378499985465
21,1150,1342,135.2709002600123,9.920832916913108
21,1160,302,136.23969385384123,2.2166814344429415
21,1170,4663,327.084473332827,14.256256044459603
21,1180,19440,379.2423977582413,51.26009147424644
21,1190,713,84.23072055398457,8.464845074464595
21,120,8218,1.4658431939362326,5606.329540564419
21,1200,1698,101.04535143050323,16.804335637031723
21,1202,53,86.43818408940568,0.6131549448699717
21,1204,46,87.77924358666506,0.5240418818895822
21,1210,1782,162.02773161604537,10.998117311317905
21,1220,377,128.0516823596133,2.9441237557602244
21,1230,2647,318.34587376957785,8.314855690310994
21,1240,1568,100.89175281261825,15.541409047696657
21,1250,1285,162.28306501730103,7.918263066223243
21,1260,294,85.99785388770928,3.4186899638668558
21,1270,747,224.82916630448526,3.322522661443048
21,1280,31216,47.01014182961966,664.0269266393012
21,1282,15458,44.692236628870695,345.8766256959783
21,1284,18404,34.39617790231181,535.0594491128924
21,1286,17547,32.05090184766952,547.472894316572
21,1290,237,135.0960572184798,1.7543073045923114
21,130,16064,2.955071069738393,5436.079072515206
21,1300,1802,166.27826894290365,10.837254991022114
21,1310,643,130.49568641179965,4.927365935843369
21,1320,1309,175.9341938666904,7.4402819101320405
21,1330,135,138.7236967078647,0.9731574576209114
21,1340,757,179.67702847081273,4.213115090129451
21,1342,917,69.38859270977731,13.215428706493835
21,1345,7306,21.01016626711768,347.73641993658947
21,1350,171,168.82591441660074,1.0128776769307726
21,1360,1294,124.22114087089997,10.416906421305717
21,1365,50,87.66397843500238,0.5703596949694911
21,1370,1197,325.05910014055496,3.6824072898818074
21,1380,1456,233.37770701832648,6.238813546512669
21,1390,508,171.51826835319008,2.961783633180854
21,140,15126,2.4240226413456285,6240.040724868487
21,1400,4164,108.41293263575173,38.40870179197442
21,1410,308,146.85827775541384,2.0972600571617814
21,142,9301,10.551024888761349,881.52573783682
21,1420,5407,136.07861951658174,39.73438310300565
21,1430,1522,159.6248207199416,9.534858007266408
21,1440,767,158.42683339855438,4.841351578810252
21,1450,293,85.9632572925281,3.408432965760448
21,1460,339,79.36362477195297,4.271478287113245
21,1470,169,109.13175305748544,1.5485868710546489
21,1480,103,72.77611901480417,1.4152994333078914
21,1490,143,139.77943419012945,1.0230403408665247
21,150,19215,7.223776880848071,2659.9658761531628
21,1500,88,81.36991321532012,1.0814808142554535
21,1510,278,75.2182711983063,3.6959105224191826
21,152,6908,2.5303129694736306,2730.097060458509
21,1520,54,64.81589941590394,0.8331289156924044
21,1530,500,155.53923751704224,3.2146229336196637
21,1540,286,281.193839560312,1.0170919834061911
21,1550,4910,288.7881332664416,17.002083653728036
21,1560,2456,301.36982053479835,8.149455694142448
21,1570,1094,202.87153094026283,5.392575266374547
21,1580,16491,378.1593627673987,43.60859897615021
21,1590,1151,324.8418677703842,3.5432624738310796
21,160,22817,3.306761282490596,6900.104982121547
21,1600,4842,392.02382958048514,12.351289984543923
21,161,28204,9.90079358578845,2848.6605397454077
21,1610,4536,298.1597492214161,15.213321086581427
21,162,16898,6.735048184578922,2508.9649749931923
21,1620,635,237.31940219698856,2.6757188587257352
21,1630,216,242.5200879022209,0.8906478711449534
21,1640,2864,388.18736035727363,7.377880612506491
21,165,14175,2.340932096600742,6055.280296503884
21,1650,10619,345.3790507852493,30.745929655712413
21,1660,2760,332.9032870032599,8.290696150359649
21,1670,1114,243.2436672558717,4.579769794492394
21,1680,148,187.7886017126415,0.7881202514435517
21,1690,796,335.3349724161364,2.3737458525864636
21,170,8756,2.5804804489280437,3393.1665723866754
21,171,12025,1.7629205005575643,6821.067652339862
21,172,7473,8.973544493488625,832.7812945511722
21,1740,137,155.00238228654513,0.8838573832157945
21,175,30210,4.8389002175366915,6243.154155259439
21,1750,191,343.1628155128148,0.5565871107409289
21,1760,338,716.8914333512147,0.4714800376675854
21,1770,337,1302.7563972863493,0.2586822837346824
21,1780,14913,595.1475170511759,25.057653056994358
21,1790,2716,610.4498446876509,4.449177968731726
21,180,8930,13.049526681020332,684.3160076440237
21,1800,1051,908.5529545223471,1.1567845272734174
21,1810,754,1151.422279614698,0.6548422879678097
21,1815,122,842.8273668409402,0.14475087639509937
21,1820,166,104.12960349039905,1.5941672150447161
21,1830,2946,321.29777640244276,9.169064389384308
21,1840,1806,735.684858954083,2.4548554697286757
21,185,7198,1.2870212260622316,5592.759353334825
21,1850,13425,568.3524872706619,23.62090480938939
21,1860,238,216.21228286028588,1.1007700249564134
21,1870,862,219.0175423009848,3.9357577979548175
21,1880,7723,259.4527083224455,29.766503691308262
21,1890,415,249.23712827681558,1.6650809727637355
21,190,4451,5.404683612814557,823.5449693015585
21,1910,5812,433.50931003599715,13.406863164063054
21,192,7171,24.582867528145858,291.7072221859248
21,1920,261,366.40060497748425,0.7123350683769716
21,1930,2085,306.6626241664063,6.799002668380621
21,194,6801,96.00331978733497,70.84130022863238
21,1940,445,227.20543293328893,1.9585799259063448
21,1950,1093,610.4169278449654,1.7905794386449287
21,196,2080,74.00238701623728,28.10720145478031
21,1960,710,1052.824961907399,0.6743761077944957
21,1964,16,53.087307793410915,0.30139030711943327
21,1970,368,215.0113478249048,1.7115375710294232
21,1980,182,433.6295704941825,0.4197130739782925
21,1990,118,221.3997201540308,0.5329726700553451
21,20,3721,0.5306473064838326,7012.190497405962
21,200,22855,54.25628009990675,421.24155872675243
21,2000,547,206.2003084097372,2.652760338811256
21,2010,346,224.71779711093563,1.5397089347097481
21,202,25142,9.58005584950604,2624.410587470255
21,2020,295,400.0606344707479,0.7373882221385372
21,2030,308,144.85832828015035,2.126215341960457
21,204,11188,19.856156933026078,563.4524363267585
21,2040,126,172.89518551887804,0.72876523207896
21,2050,312,309.6908418238083,1.007456333427856
21,2070,415,334.1145298769323,1.2420890529749216
21,2080,2001,278.59399603371264,7.182495059074637
21,2084,81,61.37408918230777,1.3197751865513594
21,2086,193,262.8331737015813,0.7343060896077398
21,2090,347,362.2364545550349,0.9579378211015478
21,2100,20811,597.0028719211818,34.8591287894969
21,2105,95,100.06462872697338,0.9493864236403431
21,2110,646,357.4610075422292,1.8071901168792062
21,2120,1553,364.1735788836844,4.264449949280977
21,2125,459,322.215060709774,1.4245144189998964
21,2130,5286,114.6258578447346,46.11524920633617
21,2140,682,324.70303848532774,2.1003807145796616
21,2145,654,57.68647561221294,11.337146065160898
21,2150,1052,283.253990646335,3.713981213819879
21,2155,98,247.45303647873547,0.3960347441863842
21,2160,2004,444.08077344521297,4.512692554673811
21,2165,51,61.001001975768936,0.8360518409231774
21,2170,343,390.98981873537423,0.8772606946886916
21,2180,577,533.8501514594489,1.0808276412820852
21,2190,39,122.38666589755297,0.3186621656369493
21,220,12006,160.97350473304107,74.5837025783267
21,2200,409,114.24893688722617,3.579902020477611
21,2210,7241,320.24954555868095,22.610492662426573
21,2215,41,26.204936631401747,1.5645906943682175
21,2220,689,208.9041150005013,3.2981638489904648
21,2230,494,130.8459701846854,3.775431519233897
21,2235,81,26.929710081846526,3.007830375960957
21,2240,19950,18.225415632642502,1094.6252421409085
21,2242,7696,99.77027106919753,77.1372064796967
21,2244,11703,139.95221115925517,83.62140121303878
21,2246,23704,16.794763372352925,1411.392317620912
21,2248,1028,38.47778883958315,26.716711926608124
21,2249,183,97.85312294918808,1.8701498172421733
21,2250,23630,755.6996760029631,31.269035504929008
21,2255,134,71.97446715422141,1.8617713377839253
21,2260,789,68.91352665580018,11.449131081925161
21,2270,2094,322.8459248040527,6.486066073997766
21,2272,682,475.88356709819675,1.4331236612321852
21,2274,67,13.255444664221304,5.054526777275482
21,2280,1331,621.0534862186548,2.1431326440238254
21,2290,922,487.95439915062803,1.889520827366053
21,230,14689,123.84788350859195,118.60517583234234
21,2300,2777,986.4562367462512,2.815127419296083
21,2305,27,159.78478566739471,0.16897728959128022
21,2310,364,63.90874393028329,5.6956212501544385
21,2320,16223,695.2695866352449,23.33339514893951
21,2325,75,33.760280404542506,2.2215455292814634
21,2330,2675,37.48823291730774,71.35572396545247
21,2340,2358,44.86707660880333,52.55524046194128
21,2350,10794,381.841533941516,28.268271103408154
21,2370,4170,1262.0818444918311,3.3040646438258707
21,2380,1003,363.3313339370934,2.760565649902515
21,2390,4961,589.3103547591595,8.418314662106134
21,2395,695,196.70380685019418,3.533231060084661
21,240,6936,55.12418597396168,125.8249872982482
21,2400,243,54.13302702692593,4.488941656248616
21,2410,36,72.77041282709972,0.49470655176211387
21,2420,1181,433.1094494157588,2.726793427372931
21,2440,131,85.32443019988567,1.5353164350832726
21,2444,520,414.43252388894774,1.2547277784099309
21,2446,536,128.17339128114503,4.181835204970881
21,2450,1051,464.00463728580195,2.2650635695104926
21,2460,1058,346.77643791418507,3.0509569980121247
21,2465,134,24.363304324712047,5.50007495756977
21,2470,713,182.68617790518087,3.9028677931510862
21,2480,173,7.504244166616061,23.05362087891818
21,2490,122,75.01960303153996,1.626241609792422
21,250,920,64.37504471322613,14.291252209584595
21,2510,10265,1724.9859179751531,5.950773216774665
21,2520,3499,556.5908626033602,6.2864848043570385
21,2525,198,353.6635166069035,0.559854185412279
21,2530,2186,2597.7704501036033,0.8414908253009109
21,2540,18713,1026.7831870270436,18.224879640055047
21,2545,203,349.83410560064914,0.580275041083997
21,2550,84,64.74497564738374,1.2973979704229657
21,2560,678,646.785155215212,1.048261535585803
21,2570,1546,1035.3590726924456,1.4932017700676883
21,2580,147,186.0827100733017,0.789971297935707
21,2590,1204,1788.7063331736672,0.6731121692087745
21,260,1409,222.07365739184596,6.344741724651469
21,2600,1869,522.9860577042258,3.5737090357712957
21,2610,358,1666.0301114342421,0.2148820705838306
21,2620,507,1473.6674044510366,0.34403963775589186
21,2630,1043,2216.1697444543493,0.47063181988201025
21,2640,354,20.805907449294555,17.014398476140617
21,2670,74,55.16729978370874,1.3413743338921342
21,2680,2499,3995.220667948879,0.6254973649009907
21,2682,429,25.027149453332218,17.141384830899355
21,2684,165,8.52969775937527,19.34417896796438
21,2690,309,315.66979913402474,0.9788709621499365
21,270,11447,143.06202331307438,80.014246512854
21,2700,60,71.10425548157701,0.8438313514940874
21,2710,15,58.53264672303895,0.2562672429793931
21,2740,344,281.11965150038003,1.223678238657517
21,2750,14268,1908.4262308738994,7.476317276076451
21,2755,801,175.1391676132186,4.573505806359357
21,2758,679,174.62594817014235,3.888311027742759
21,2760,3121,1571.2445815839153,1.986323476675943
21,2762,7,405.635894549958,0.017256855455965774
21,2764,29,512.9136231380961,0.0565397343563871
21,2766,219,64.3110450278714,3.4053248536870893
21,2770,7718,523.5349915311414,14.742090070097849
21,2772,29,9.914106691689568,2.925124865189221
21,2774,47,12.831047864138,3.6629899987640253
21,2780,10,35.735559367245756,0.27983331384944626
21,2790,576,460.8359670468361,1.2499024407560173
21,280,336,235.98347612255492,1.42382850494796
21,2800,396,387.73375922219464,1.0213193733617307
21,2810,14,153.8027792258331,0.09102566332330961
21,2830,194,934.804116273457,0.20753010884608625
21,2840,697,1154.8043030639715,0.6035654683228081
21,2850,15253,3364.9594838316607,4.532892616772757
21,2852,1029,1929.5331697384195,0.5332896143679656
21,2854,24,1.5272356799673732,15.714666907541552
21,2860,30,481.56315153341046,0.062297125318814234
21,2870,660,2261.387318207396,0.2918562400549688
21,2890,1808,926.1662128513531,1.9521334020961296
21,290,4333,276.1185760705142,15.692533482040893
21,2900,259,488.67085272252075,0.5300091023580376
21,2910,5423,1322.6753217522628,4.100023574051175
21,2920,737,3047.373404379548,0.2418476183262664
21,2930,1047,1096.3553017681138,0.9549823841883033
21,2940,103,297.74103457299265,0.34593820817381843
21,30,2029,1.4784842861147336,1372.3514135763667
21,300,2338,271.7248274800365,8.60429288586731
21,3010,5341,1.6473061162403049,3242.2632001087454
21,3015,7075,0.3424733986186258,20658.538819473782
21,3020,4012,1.1339894306808949,3537.9518463333707
21,3025,5027,0.27864831443493354,18040.66179332243
21,3030,4847,0.9840262146084041,4925.6817837204435
21,3035,4324,2.2053850568888125,1960.6553451939892
21,3040,6046,0.3326905033089608,18173.046539850406
21,3045,4059,0.4920539321004993,8249.095749875994
21,3050,2434,0.2301812502843729,10574.27569358044
21,3055,2129,0.17713073458307527,12019.370918385073
21,3060,2156,0.1787154851926684,12063.867871749748
21,3065,4594,0.26863850084841095,17101.048380970275
21,3070,4706,0.25969803191266677,18121.046067775245
21,3075,4203,0.2642992496105208,15902.428804446721
21,3080,3481,0.2638975088497835,13190.727018122268
21,3085,6237,0.4606559447598455,13539.388932127089
21,3090,5271,0.4060543335224537,12981.021417195461
21,3095,5409,0.3420142545871825,15815.130297796397
21,310,935,92.63809127204382,10.093040423881908
21,3100,3814,0.3389254671029941,11253.21160608148
21,3105,5384,0.38396712138949474,14022.033919249277
21,3110,4234,0.3815682378576106,11096.311432452081
21,3115,3586,1.7778877833097884,2017.0001918367177
21,3120,8510,2.835638402216921,3001.087865556774
21,3125,3951,0.38301071434753664,10315.63831505491
21,3130,3686,0.34700093283462596,10622.44983000284
21,3135,5001,0.4960158721615989,10082.33865220084
21,3140,5726,0.48014991365303616,11925.442111268809
21,3145,6690,0.8393349045818433,7970.596675391402
21,3150,14389,2.8476666077315995,5052.908918808449
21,3155,7730,0.7293096499794153,10599.064471748288
21,3160,5870,0.527292327277952,11132.344804451785
21,3165,5096,0.7493114902232956,6800.909990692105
21,3170,9097,1.0518130195422375,8648.875637572095
21,3175,11557,1.6545175281469,6985.117898958812
21,3180,3311,0.4064089716790645,8146.965817021015
21,3185,4769,0.4970077934176962,9595.42297557501
21,3190,3315,0.4844990922915524,6842.118081833606
21,3195,5036,0.6162184224228745,8172.426881038764
21,3200,5868,3.2091078613314,1828.5455813770855
21,3205,8117,1.4575912036951497,5568.776745786155
21,3212,8943,2.8232411823765036,3167.635856201312
21,3214,24109,3.18735604854329,7563.949440483275
21,3222,11897,4.023848533415349,2956.622224023453
21,3224,8402,2.8975490287383243,2899.6920903383198
21,3232,5051,15.190356581293551,332.51358998511915
21,3234,12295,3.593326184581255,3421.6209073245564
21,3242,6898,0.9664784261298297,7137.251917378415
21,3244,8942,2.588298089771988,3454.7798166430402
21,3252,14828,2.4219450364830006,6122.351984309399
21,3254,4930,1.9440605017886992,2535.9293064511035
21,3261,14090,1.988708578924133,7084.99985836161
21,3262,17924,2.4396992395431947,7346.80722503978
21,3264,21377,2.5453606555768857,8398.416921061063
21,3266,12504,2.749989509673117,4546.926435907137
21,3268,11088,8.733777663743552,1269.5537288554422
21,3272,13762,2.379242612901155,5784.193644388018
21,3274,9483,5.070145760873347,1870.3604289211848
21,3281,21882,3.128253123722552,6994.958251319798
21,3282,7180,1.3814865128242826,5197.300106333543
21,3284,5933,1.4449979759766405,4105.8881040923425
21,3286,16862,3.2878454126610475,5128.586622432649
21,3292,14408,1.8497049911263466,7789.350231047651
21,3294,14905,1.7363782353082553,8583.959241664848
21,330,14570,521.2730735858797,27.9508011027153
21,3301,15015,1.7357246122532293,8650.565817873776
21,3302,24512,3.5347748897762874,6934.529288101665
21,3304,7745,2.540188144265553,3048.986752215285
21,3306,8345,15.316432434659745,544.8396704389199
21,3312,99,4.807004462571719,20.59494655576741
21,3314,29028,5.3859017632225346,5389.626709907116
21,3320,6285,0.8292164047673138,7579.444839569512
21,3342,13609,1.484394198531572,9168.049843810102
21,3344,11320,1.318780109748546,8583.690272791877
21,3346,5593,0.9113438929134895,6137.090557681416
21,3351,4818,1.1467639541785175,4201.387724513338
21,3352,5322,1.9906205454801216,2673.538164812007
21,3354,3706,3.2851475988662373,1128.1076080962105
21,3356,14459,3.2961941880914996,4386.574083601482
21,3358,9632,9.172986287864884,1050.0397250939266
21,3360,19439,5.845273772286822,3325.5927365049597
21,3370,10730,1.5005568785785204,7150.678626833888
21,3382,10857,1.8586933224082147,5841.200304057226
21,3384,4295,1.5195631217613381,2826.470278524284
21,3392,30183,3.796863244073233,7949.45671196206
21,3394,12165,1.8391416272938834,6614.498752822861
21,3396,10485,1.4555637276289282,7203.39467175358
21,3402,7875,3.901721148378614,2018.3400352104886
21,3404,11706,2.202921553233471,5313.852407870726
21,3406,20147,2.5262390089967406,7975.096547971164
21,3410,4852,122.17789838286993,39.71258357051818
21,3415,530,59.9679308529943,8.838057149232725
21,3420,277,49.141578952756205,5.63677451769107
21,3430,6635,67.8211406739064,97.83085235770385
21,3435,2206,92.08373602795004,23.956456320695068
21,3450,20497,127.46446605389917,160.80560045128743
21,3455,4871,136.89346542814158,35.582414286654874
21,3500,758,66.22713376286063,11.445459843002856
21,3505,857,72.29591625136378,11.854058215685644
21,3510,2276,152.60268685859643,14.914547357275369
21,3515,340,71.7155715267101,4.740950852959022
21,3520,33133,97.73239606345172,339.01757589662236
21,3550,38810,27.21131036137458,1426.2451710186408
21,3555,5807,50.45261468050518,115.09809822093952
21,3560,18882,64.81588290288362,291.31748507216514
21,3565,9620,3.3052950223950215,2910.481495545694
21,3570,3591,71.16050474696739,50.463385732983234
21,3580,1436,84.66969098948415,16.96002410329275
21,3585,959,60.51513274269816,15.847275822355597
21,3600,29601,9.318775029335209,3176.4904621924006
21,3602,25598,10.409287864608979,2459.1499757665297
21,3604,20596,10.806801615794353,1905.8367805973733
21,3610,6757,61.531088665790904,109.81440677412638
21,3615,4590,43.22770373871026,106.18190657880517
21,3620,10950,27.104259707583637,403.99553863986347
21,3625,5592,165.79330580592148,33.72874419034762
21,3640,6241,481.2186574242558,12.969156336134656
21,3650,2795,274.9738851042065,10.164601627317381
21,3660,1768,225.03313166094034,7.856620876004442
21,3670,4696,299.1344620029124,15.698625857271768
21,3682,12196,182.16242242070834,66.95123965706306
21,3684,19440,201.54654382055412,96.45414717360919
21,3690,1015,160.58911263151703,6.320478290013275
21,370,121,70.58175780557825,1.7143239806141108
21,3700,6409,373.108198012352,17.17732291636172
21,3710,4961,239.7726154942088,20.690436185861362
21,3720,1475,236.24512829263438,6.243514990806214
21,3730,1714,155.90704913071113,10.993729979219843
21,3740,2155,220.3762099224323,9.778732471887567
21,3750,5857,192.06378341057717,30.495077708010246
21,3755,102,49.950093850985304,2.0420382052593076
21,3760,1567,185.52304693137634,8.446389954880496
21,3770,6824,526.7508428439927,12.954891468528809
21,3772,3045,292.5871928947138,10.407154085844523
21,3774,880,280.29217075231077,3.1395810936782835
21,3780,379,91.07714240107234,4.1613075466401295
21,3782,1311,158.3782132422526,8.277653682042219
21,3784,352,85.03349200872644,4.139545391877785
21,3786,923,133.02734933355612,6.9384228478133965
21,3788,544,118.28460127099936,4.599077091646554
21,3790,1265,169.34131701731442,7.470120241657617
21,3792,543,121.02484915418589,4.486681898757973
21,3794,639,132.68492434520968,4.81592014430741
21,3800,2991,304.058323155773,9.836928550275772
21,3810,1671,159.52103067522194,10.475107845824324
21,3820,2219,139.06639351592412,15.956407180041728
21,3830,2929,194.154686687314,15.085909333299549
21,3841,13557,24.21021015491141,559.9703560297164
21,3842,19071,46.960651931422994,406.1059464815252
21,3843,8747,11.6747612515678,749.2230300491472
21,3845,6297,38.2176807407039,164.76667024153966
21,3846,2479,42.328967488310674,58.56509494791212
21,3848,476,85.74270415532425,5.551492744358967
21,3850,1186,309.4085937507577,3.833119130994065
21,3852,279,143.6759179219118,1.9418703150491592
21,3854,426,163.63091340543738,2.6034200453582765
21,3860,1559,282.7686835901421,5.513340374918201
21,3862,777,121.19753600262344,6.411021425247301
21,3864,3673,224.54120645419505,16.357799345614847
21,3870,1629,181.0834002997407,8.995854933713284
21,3880,1749,249.28181694992966,7.016155535930249
21,3885,262,403.95540585892024,0.6485864434538658
21,3890,5104,457.3992537838495,11.15874142289696
21,390,2090,20.138162853089767,103.78305187254628
21,3900,17527,234.58226126189726,74.71579439006318
21,3904,1972,358.2357642591995,5.504754680420937
21,3906,739,240.16040228737492,3.0771101020880027
21,3908,415,117.29228907731411,3.5381695017176242
21,3910,463,240.74632223365035,1.9231861808075592
21,3915,1521,507.67320971289206,2.9960217929565
21,3920,1767,673.5923671498831,2.623248252465455
21,3930,2092,289.70497943246534,7.221139257248001
21,3935,879,126.35295884294196,6.956702937939159
21,3940,16613,844.084216764956,19.681685393515732
21,3950,946,416.4063766634911,2.2718191963820176
21,3955,3233,692.6129108223498,4.667830976701561
21,3960,4319,529.7842580021802,8.152375112629764
21,3965,647,300.58896824215316,2.1524409354862937
21,3970,3850,378.93163635243775,10.160144022440981
21,3975,3634,610.9200627981189,5.948405071779203
21,3980,5131,733.5189097209687,6.995048023985962
21,3990,21380,139.12424661541098,153.67558509841885
21,3992,19071,155.6989068698496,122.48640907891316
21,3994,16365,102.49972475977397,159.65896531287513
21,3996,11278,185.42788625966378,60.82148822106974
21,40,3345,0.5369332306492154,6229.824881495045
21,400,4116,320.9612293738585,12.823978796534478
21,4000,8217,605.6146288175237,13.568034206907914
21,4010,5053,323.3699770523404,15.626064132670317
21,4015,4042,237.50568532207475,17.01853997523789
21,4020,10745,315.9436607554302,34.009228019667816
21,4030,11606,305.1504469906698,38.033698178901446
21,4040,11721,714.2482714706025,16.41026022487535
21,4045,1261,360.3102290087095,3.4997618676252427
21,4050,2456,425.881984005892,5.766855824467141
21,4060,2018,328.64655425458517,6.140335183422497
21,4070,1171,319.31619354699683,3.667211446411197
21,4080,26915,533.3834196512006,50.46088612503315
21,4090,1138,207.23072366288437,5.491463716795479
21,410,339,152.64513087489252,2.220837297966899
21,4100,4981,301.72340920604614,16.50849701422566
21,4110,2030,235.62794275677862,8.615277017868037
21,4115,428,95.98308955502779,4.459118809200495
21,4120,4289,167.6094503339699,25.589249242533526
21,4130,9506,361.04701801108945,26.328980785843317
21,4132,725,394.96480655689925,1.8356065856099393
21,4134,69,32.47388688056947,2.12478414591281
21,4140,3447,152.9525559370641,22.53640012016765
21,4145,3080,46.580992165261286,66.12139108314167
21,4150,2667,373.3613452573864,7.1432140307975205
21,4160,14837,143.74304479610822,103.21890718987821
21,4170,19,50.09606999870039,0.3792712681951479
21,4172,2255,202.72001529247237,11.123716603644787
21,4174,2047,229.80017476939017,8.907739091383252
21,4180,5849,180.1795896964596,32.462056384152866
21,4185,649,88.23411313004296,7.355431782302587
21,4190,1217,248.59470558117073,4.895518579749589
21,420,768,119.40206687536286,6.432049461938312
21,4200,14772,8.353897139876505,1768.276500495477
21,4205,25699,31.016664314969088,828.5546033909679
21,4210,17695,40.4360542588981,437.604517164435
21,4220,2995,178.74825891733474,16.755407958323612
21,4224,809,128.27132517486172,6.306943495727959
21,4230,24718,113.69904985912596,217.3984745749925
21,4240,2455,108.29043420728279,22.670515802908245
21,4245,4051,37.53792020773487,107.91753985254813
21,4250,41170,94.33285768437888,436.4332959969003
21,430,2094,94.33195032511873,22.198205303536582
21,440,10247,116.17172910145088,88.20562523478894
21,450,980,83.0353161993364,11.802207119286335
21,460,2588,530.3753820168805,4.879562829930953
21,470,350,261.7399437458239,1.3372051471818363
21,480,1417,208.01262949780556,6.812086378702062
21,490,941,150.81587905385692,6.239396049695572
21,50,3212,0.5490265031022894,5850.355095519989
21,500,146,138.15899557358696,1.0567534845911406
21,510,786,136.3584695070919,5.764218407857098
21,520,5979,125.2731271168004,47.727714136371674
21,530,5460,81.13040120040084,67.29906322678241
21,540,495,71.72951841451162,6.90092462547269
21,551,10194,52.9230129770024,192.61941878535495
21,552,7812,27.542457152198082,283.6348244759472
21,553,7884,41.77572896641705,188.72202101698434
21,554,9999,122.95119249929401,81.32495339609996
21,557,109,17.09265801086009,6.3770070126451435
21,559,45,24.73715668196667,1.8191258024736892
21,560,4522,246.5258117019155,18.342906849314975
21,570,4472,171.70884818935212,26.04408594639513
21,580,590,161.32284382762188,3.6572625798143754
21,590,375,63.17072290869044,5.936294263119964
21,60,3245,0.6015751405653723,5394.172367146495
21,600,1976,240.9459296764757,8.201010088251858
21,610,806,167.64209591962828,4.807861626750456
21,620,1461,173.32581124928325,8.429211953312244
21,630,2266,131.95256975951017,17.172837210596903
21,640,1404,244.70138567897106,5.73760543326852
21,650,628,84.16533119079354,7.461504530605281
21,660,711,214.66710408211043,3.312105052332758
21,670,1082,476.0277582717925,2.2729766934772364
21,680,1497,246.65335146726966,6.069246540112991
21,690,274,104.75720133575844,2.615571975064508
21,70,12684,4.144944457759192,3060.1133813158804
21,700,75,97.37103827681607,0.7702495662702348
21,710,307,175.57200087007905,1.7485703784123068
21,720,53,140.9056946987224,0.37613809799044656
21,730,230,65.51651860810321,3.510565043539312
21,740,104,81.5303759289521,1.2755981904293998
21,750,308,42.4331491851568,7.258476118660055
21,760,95,227.90971817779248,0.41683172073377955
21,770,34,190.69901682718867,0.17829142785151733
21,790,15648,552.3680727399501,28.32893639630569
21,80,7234,0.8969782842470012,8064.855222300979
21,800,479,106.41667032568559,4.50117447326657
21,810,866,96.23753435174035,8.998568031001714
21,820,1368,144.00813859605913,9.499463109076228
21,830,17562,293.6079945871178,59.81444757557205
21,840,1601,317.6856850522226,5.039572367690475
21,850,868,128.37786370496036,6.7612902641443595
21,855,120,51.19039018896602,2.3441899848199585
21,860,1386,302.8487615933659,4.5765417454834365
21,870,4463,140.31454173191082,31.807109547684245
21,880,2652,249.055896540381,10.648212055360892
21,890,8329,373.52912301576094,22.29812747331233
21,90,8232,1.4543077104933917,5660.425191039655
21,910,1527,201.46348628265625,7.579537255984921
21,920,1903,245.76453366225374,7.743183980383563
21,930,5047,70.36328399684739,71.72774937886824
21,940,2733,206.28144800434853,13.24888896427752
21,950,753,278.9595306932988,2.699316270458899
21,960,1800,141.53223399012327,12.717950881250216
21,965,764,19.911818845539152,38.3691718936645
21,970,173,89.56239867949103,1.9316141879931072
21,980,118,223.81768895805828,0.527214808397527
22,1,3144,1.0976142391201167,2864.3943272094693
22,10,3129,125.39296998209934,24.953552024859807
22,100,2534,314.538605139691,8.056244793463794
22,101,821,345.1889592505476,2.3784074721929205
22,102,829,364.78634346661926,2.2725631451054027
22,103,1395,192.08702737919396,7.262333219651357
22,104,1259,190.25680688884802,6.617371649338854
22,105,1292,58.069366159322435,22.249252668871826
22,105A,182,84.74309182172402,2.1476676869765097
22,106,4026,1662.6632131345439,2.421416416864101
22,107,2564,590.9605619935297,4.338699001081688
22,107A,119,283.37737470106975,0.4199347252953105
22,107B,141,869.7515153340889,0.1621152679979397
22,108,1174,330.19588583208156,3.5554652567567975
22,109,338,1444.9279752913815,0.23392169421582384
22,11,1177,517.0773648427875,2.2762551216254763
22,110,13874,66.35380402966352,209.09125260998778
22,110A,225,215.17130392886727,1.0456784705565663
22,111,486,66.08227343405085,7.354468524528306
22,112,312,55.626580207431914,5.608829427165031
22,113,1160,195.6626730764578,5.928570747608639
22,114,234,119.73749285123701,1.9542750931884285
22,115,233,,
22,116,998,110.38804079987266,9.040834430690895
22,117,138,373.6053861618001,0.36937368975787543
22,117A,597,237.721030591502,2.5113470125656665
22,118,387,435.1510021898688,0.8893464522716206
22,119,222,1107.1747835425083,0.20051034696589679
22,12,1762,278.97674629892856,6.315938598380474
22,120,513,103.72927086248853,4.945566432064022
22,121,7800,867.4145666948402,8.99224004240647
22,122,369,648.7889268291759,0.568752000443985
22,123,1538,523.8179104076013,2.936134808378789
22,124,1793,1375.7819564018228,1.3032588424762863
22,125,584,1680.447038093321,0.347526572847319
22,125A,98,516.4786113397957,0.18974648291006374
22,126,729,1239.8874016841794,0.5879566152618177
22,126A,974,1377.9137470319904,0.7068657251573143
22,126B,844,948.2524376538273,0.890058349956084
22,127,913,2807.9672416067115,0.32514624332924336
22,128,39,,
22,129,12,581.0160241808001,0.0206534751204484
22,13,603,226.02064274378986,2.6678979082611605
22,130,80,,
22,131,127,2047.5021030698517,0.06202679831663514
22,132,44,595.1439524724358,0.07393169302520615
22,133,32,,
22,134,171,775.1955312630366,0.22058950690980814
22,135,627,,
22,136,1709,795.7388932074566,2.1476894174562453
22,137,187,3319.7721230254874,0.05632916750610485
22,138,313,1009.5464033403983,0.3100402309040398
22,139,5630,508.2297124634435,11.077667955914642
22,139A,818,846.0351525021157,0.9668628987587539
22,139B,430,334.0164481714489,1.2873617522550362
22,14,1336,303.5571215493035,4.4011485982647525
22,140,16266,3370.45163009569,4.826059467745038
22,141,552,708.5573888787706,0.7790476941797068
22,142,1027,691.4221563114345,1.4853443596294194
22,143,845,,
22,144,1006,850.6950078063074,1.1825624821687604
22,144A,823,,
22,145,9303,1066.0893596797127,8.726285386428506
22,145A,91,420.4652988224827,0.21642689718948607
22,146,302,1879.9864943654666,0.16063945188177062
22,147,89,2396.998433412491,0.03712976978182459
22,147A,388,,
22,148,108,,
22,148A,65,398.5679725459853,0.16308385138121087
22,149,219,173.63513771992797,1.2612654493541806
22,15,1215,26.149350587315233,46.46386899525464
22,150,2490,593.4877935512379,4.195537005235861
22,151,371,491.06893999410755,0.7554947376725796
22,152,502,1016.8921229438776,0.49366101740145496
22,153,1012,555.3432292331455,1.8222964587097537
22,154,9343,1218.6700201511171,7.666554395784227
22,154A,248,234.29410283854165,1.0584986860335253
22,155,496,,
22,156,661,178.77928710605715,3.6972963182691028
22,157,3328,890.321583146493,3.737975202441445
22,158,862,256.7827081190503,3.3569238610894203
22,158A,561,514.0716806897204,1.0912875014770638
22,159,875,1093.6383737494184,0.8000816549625623
22,16,1299,70.82551339108217,18.340848344116072
22,160,1064,438.55015644276125,2.4261763092971815
22,161,164,213.11791328504822,0.7695270541648355
22,162,48,554.3307770426395,0.08659089840921426
22,163,125,215.79073474753247,0.579264907486624
22,164,157,636.4031570083422,0.24669896475378733
22,165,197,699.8203397754033,0.28150082071524835
22,166,356,226.10741809802465,1.5744728898972382
22,167,6945,539.5840436008724,12.871025528577679
22,168,182,119.40908877113449,1.5241720866728194
22,168A,94,213.48392668271143,0.4403141794356568
22,169,484,421.3845818349434,1.1485944689584848
22,17,3929,135.31163626812352,29.036674955393966
22,170,2998,481.1194131601273,6.231301248703092
22,171,496,2179.2908258160687,0.22759697518309208
22,171A,6,,
22,172,168,280.424551477672,0.5990916241632164
22,173,30,601.5253740113313,0.049873207841494765
22,174,610,45.134225498187995,13.515242441115772
22,175,887,19.33347404806402,45.87897642166493
22,176,2239,52.089385070663035,42.98380556734609
22,177,7026,120.38646273053371,58.36204371023513
22,178,6574,160.58116833854794,40.93879791770013
22,179,1773,77.78314439107382,22.794141505591597
22,18,1284,18.360009795898392,69.9346032095715
22,180,16267,506.65353246869677,32.10675334826575
22,181,4108,292.586458819958,14.04029433408551
22,182,2894,78.66579029388609,36.78854542982862
22,183,1809,54.08568088285932,33.44693032372091
22,183A,391,80.14887014752482,4.8784218577293945
22,184,1206,105.24514874060814,11.458960478761458
22,185,1244,135.23269985570116,9.198958545731905
22,186,569,45.731781857149684,12.442113053398177
22,187,480,59.4134628893448,8.078976997081972
22,187A,575,354.26955891958517,1.6230578821211052
22,188,674,73.80507982451707,9.13216274005175
22,189,1402,25.804225656976257,54.332186465783934
22,19,693,460.2398853423467,1.5057365127851012
22,190,2462,139.159452221077,17.691935119784173
22,190A,93,53.90332732196517,1.7253109338596107
22,191,1748,415.0862986080425,4.211172485966829
22,192,1289,145.0599791183802,8.885979495061667
22,193,36648,173.0035006431333,211.8338638453129
22,193A,1934,59.8836460013412,32.29596274008908
22,194,990,86.97796013758368,11.382193815927574
22,195,2953,136.30986997176177,21.66387511492564
22,195A,1203,212.24112950387132,5.66808140727529
22,196,2307,611.1323954900706,3.7749594310902195
22,197,604,84.24811503014924,7.169299868416654
22,198,1743,256.82602394812375,6.7866954181873265
22,199,367,105.04249751619857,3.493824011023777
22,2,4087,0.7935312375262363,5150.395859324785
22,20,5918,541.9011578515625,10.920810768263864
22,200,1461,451.2513169971441,3.237663680900119
22,201,2961,298.0710170815354,9.933874245780956
22,202,172,318.5798398532639,0.5398960589572217
22,203,89,,
22,204,268,249.84035803610908,1.072684982148746
22,205,885,64.44181489942392,13.733318985215476
22,206,230,105.70728472049682,2.1758197706823004
22,207,1836,587.0102781192577,3.1277135485300587
22,208,440,68.81590291595751,6.393870912910303
22,209,502,224.37866065875156,2.2372894041090277
22,21,2998,322.4012433318766,9.298971582792218
22,210,617,628.9227871154005,0.9810425264282675
22,211,87,212.56798530301614,0.4092808231492682
22,212,370,468.0607305078277,0.7904957110983534
22,213,4412,438.6587758073275,10.057931684781536
22,214,576,220.9594745194557,2.606812861284582
22,215,941,150.74132059115325,6.242482129715571
22,215A,142,122.36696088084136,1.1604439546249492
22,216,84,329.89893129422546,0.2546234377615589
22,217,80,249.82664341618855,0.32022205040287577
22,218,155,331.780215563289,0.4671767414969108
22,219,3086,685.602287443548,4.501151843449908
22,22,567,303.8410892132325,1.8661070544085803
22,221,7532,954.0406517667616,7.894841782739233
22,222,1115,810.1666286338382,1.3762600934084313
22,223,984,216.4845799614483,4.54535838153106
22,224,25179,1042.7878573814558,24.145850780452104
22,224A,196,695.0884308973411,0.28197850990983847
22,225,673,1776.9524033934333,0.37873833801894563
22,226,1883,607.4449858432174,3.0998691961974734
22,23,3358,388.32104024034254,8.64748404547341
22,24,1754,348.85642401767626,5.027856388022617
22,25,151,355.56970750548555,0.4246705971083615
22,26,1733,580.2634096546602,2.986574667927766
22,27,2757,487.6129887000021,5.654074161047851
22,28,504,754.9015181020051,0.6676367551454542
22,29,1142,1066.0204634958711,1.0712739943612004
22,2A,12917,228.8277100179189,56.44858308020696
22,3,7943,0.9959365142020201,7975.407956966228
22,30,180,1335.5603295816154,0.1347748926148381
22,31,5667,746.9197038996892,7.587160936326128
22,32,1367,1952.3570604576016,0.7001793000300861
22,33,1219,1199.1479871174288,1.0165550983663763
22,33A,162,553.1182893460865,0.29288490928680266
22,34,8003,5260.378657845663,1.521373368828462
22,35,772,727.8946603105717,1.060593025466913
22,36,3120,3190.961695006352,0.9777616587759727
22,37,5273,269.09324701219987,19.595437858613145
22,38,1263,198.26055583256132,6.370404817520295
22,39,862,191.7650521873751,4.4950839069348945
22,3A,6938,1.1256351787086707,6163.631104670411
22,4,20490,8.088594062915037,2533.196726232499
22,40,719,256.5558940799277,2.8025082120155926
22,40A,200,594.6323708626973,0.33634226759272867
22,41,193,656.6214077906886,0.29392888765137953
22,42,2510,310.852619486447,8.07456602471846
22,43,24426,27.436910754582296,890.2605770192463
22,44,41507,36.77755380018883,1128.5959970449935
22,45,2358,28.39756397737788,83.03529140310889
22,46,416,16.943188573333877,24.55263943970521
22,47,1748,41.48625356815444,42.13443851053822
22,48,33405,35.90746468913958,930.3079537693881
22,49,1536,256.8635925565703,5.979827599202169
22,49A,101,1043.3411709698219,0.09680438461574079
22,4A,16441,115.53633462380293,142.3015543424796
22,4B,10640,1.7931282847395902,5933.76396465979
22,5,4564,1.1089784625500674,4115.4992221446755
22,50,980,40.57947162537754,24.150141949781542
22,51,896,61.78393027098583,14.50215284249678
22,52,12166,178.14177535997462,68.29391912938962
22,53,784,359.40145074198455,2.1814046615043745
22,53A,220,26.973732105328402,8.156083078935195
22,54,811,157.10554028066744,5.16213494795382
22,55,1514,161.04414446694764,9.40114901421163
22,56,939,203.0219338726415,4.625116026079467
22,57,573,480.70706462361323,1.191994131495968
22,58,3839,50.588965622317204,75.88611375573242
22,59,474,38.154777824956646,12.42308373998607
22,6,9700,1.0998429855290448,8819.440708924574
22,60,401,68.72943630165719,5.834472412082495
22,61,453,67.7439282789532,6.686946144230888
22,62,413,17.080357300183667,24.179822045968496
22,63,1128,19.083713556591164,59.10799261658429
22,64,1408,105.29046500521333,13.372530930794964
22,65,968,133.3907379576006,7.256875663343935
22,66,2596,55.949188408501655,46.39924320341937
22,67,6805,862.6079586527576,7.88886762722224
22,67A,204,146.1432233337212,1.395890930461836
22,68,435,923.3105099703645,0.47113077919362384
22,69,841,1433.6785568329503,0.5866029006235544
22,7,11817,3.1947393129297703,3698.8933501316237
22,70,1239,846.8058474637468,1.4631453050435432
22,70A,419,1152.8400015639172,0.3634502614687154
22,71,15128,4616.204310431453,3.2771513093158697
22,72,5259,1726.7752411758024,3.045561387838189
22,72A,1602,1618.7467245557273,0.9896545121595082
22,72B,1086,2411.0607394934923,0.45042415655946655
22,73,2013,1140.1488939916076,1.7655588762206151
22,74,1632,178.81557672757316,9.126721675295459
22,75,129,434.89064081639714,0.2966262961139728
22,76,309,150.9373137484026,2.0472074951265666
22,77,26028,677.8181307083801,38.399681007054845
22,78,1741,84.48080255530982,20.608232253240757
22,79,171,1273.7336083968642,0.1342509916302064
22,7A,10874,1.3185793246366453,8246.754515885115
22,7B,37908,9.683927030582225,3914.5276374228174
22,7C,42167,13.306004619939147,3169.020393756097
22,8,7762,4.8291725517621655,1607.3146935219047
22,80,10,295.8606135018233,0.03379970007375913
22,81,1604,338.5246520587659,4.738207366125747
22,82,70,62.2888671296601,1.123796325502091
22,83,119,91.39496162556667,1.3020411397241745
22,84,43,2449.287134703423,0.017556128634630967
22,85,120,90.4337867328236,1.3269376892789686
22,86,614,252.43188287489036,2.4323393424289
22,87,2153,269.94259372598157,7.975769848997999
22,88,654,427.50841794877937,1.5297944380556199
22,89,718,609.298493446456,1.1784043579997734
22,89A,1401,503.065063585232,2.7849280369727665
22,8A,13245,29.779538624423626,444.76847566527243
22,8B,18424,5.489248545958766,3356.3792649840775
22,9,6579,9.632664777363058,682.9885760647223
22,90,587,1372.5441844614536,0.42767293515605237
22,91,882,1193.5369848203145,0.7389800326403659
22,92,3337,518.4799464488262,6.43612163374068
22,93,1555,860.8335785786238,1.8063886431655674
22,94,1673,259.8143870053449,6.439212313387338
22,94A,1338,207.5458599557118,6.44676795906946
22,95,1268,213.88852986813805,5.928321639228247
22,96,739,527.9883980086079,1.3996519673296912
22,97,530,495.9594255462989,1.0686358050685405
22,98,1702,421.46354425981855,4.038308943159204
22,99,398,242.50983574869207,1.6411705478718777
23,1,6053,0.6717692723089389,9010.53419605697
23,10,11548,3.3771252595427335,3419.4763630306124
23,100,2280,279.4781877697221,8.158060627896374
23,101,180,109.92920430979528,1.637417473638177
23,102,581,18.512164525264613,31.384768604831486
23,103,670,22.987142652901408,29.146728243557206
23,104,223,8.178363346003053,27.267069285810717
23,105,368,16.618763857242385,22.14364456713952
23,106,1032,54.77236034242332,18.841619998630513
23,107,11028,12.86584257598349,857.1533449807503
23,108,1636,44.060037799088505,37.13115289324252
23,109,1818,81.65903242733788,22.26330567433185
23,10A,21485,3.143947344008163,6833.765852009834
23,11,2048,0.3441828673433976,5950.3252320711035
23,110,884,23.16760649953806,38.156725426842264
23,110A,1006,8.795073704001913,114.38221370927822
23,111,1578,110.59458065601606,14.268330244029555
23,112,480,44.01792606588603,10.904648239936066
23,113,1066,77.93301138804183,13.678414076574086
23,114,2031,85.57049085549934,23.734817688842018
23,115,1234,69.62563303530202,17.72335770899677
23,116,1819,34.208130323263674,53.17449339705555
23,117,375,121.45011662407607,3.087687442579702
23,118,79,169.58896237054773,0.465832203321033
23,119,660,76.54234434952248,8.622678147747607
23,11A,9075,3.4871704310446137,2602.396464253541
23,12,11291,1.64517590092292,6863.095911911858
23,120,357,108.10919737918442,3.302216727665185
23,121,576,148.74687367018103,3.8723502940786143
23,122,1311,16.701858465241074,78.49425875140639
23,123,692,21.298119774665754,32.49113101632278
23,124,16997,52.849133984931534,321.61359550085007
23,125,2483,73.04563450704852,33.99244892260336
23,126,913,30.44644881715104,29.987076833922597
23,126A,1603,29.085892076862805,55.112629716286115
23,127,4371,35.68246768645852,122.49713328147404
23,128,1724,23.090972490494224,74.66121232917811
23,129,3381,88.99632923141729,37.99033094059847
23,12A,8817,1.418428943331379,6216.032210462401
23,13,10831,1.6885906181331098,6414.224906670779
23,130,3239,164.35330453081846,19.70754411812051
23,131,1636,84.87540178880387,19.275313760173667
23,132,396,48.10549976309692,8.231906995045557
23,133,2223,128.11301852224523,17.351866544413703
23,134,2364,222.12055119246656,10.642869321675704
23,135,2338,352.2954646906655,6.636474875011209
23,136,610,183.61156442317917,3.322230829612132
23,137,2124,111.73209142727141,19.009757831146953
23,137A,1625,87.99346766777931,18.46727993645179
23,138,1046,53.194018061357525,19.663865188628428
23,139,904,171.82685533546385,5.2611100763910725
23,13A,4421,1.4487440776369869,3051.608678332609
23,14,18796,3.1512491313573934,5964.618859538937
23,140,810,24.28922853125919,33.34811556314211
23,141,6271,6.510271680827181,963.2470513432122
23,142,13587,5.309180312376005,2559.152110228376
23,142A,15489,6.540736310840534,2368.082011551013
23,142B,11274,6.293387654852066,1791.4040288473236
23,143,10826,3.9077948965233062,2770.3603404650776
23,144,14041,4.340614730300875,3234.7952703525775
23,145,16687,11.957947587250146,1395.4735859347707
23,146,22175,12.875174945216799,1722.306694421899
23,147,726,6.29700323662782,115.29293740506137
23,148,7704,29.250131229957,263.3834337163528
23,149,227,12.22854852680709,18.563118877303943
23,14A,2887,0.4817069024265956,5993.2709817043415
23,14B,3718,1.8745577063857954,1983.401197698212
23,14C,6581,3.096528687002137,2125.2830718553128
23,14D,4733,1.3915493604127098,3401.2447812819755
23,15,13642,2.080397872084571,6557.399516242841
23,150,1668,10.901560066832392,153.00562394503797
23,151,588,18.24541900787541,32.227267553910224
23,152,1603,13.82722053089534,115.9307466325774
23,153,1277,11.948411303944123,106.87613336330892
23,154,912,17.5911838991978,51.84415132182146
23,155,682,32.90435053365976,20.72674248052223
23,156,7241,29.924233127561322,241.97779669517317
23,157,8537,45.43167631695666,187.90854073798943
23,158,6747,36.06423584007757,187.08284933358198
23,159,692,38.06647743145556,18.17872434469542
23,15A,11629,1.780752888474942,6530.383904057128
23,15B,22665,3.75319789081784,6038.850244334222
23,16,13522,3.0257900298408096,4468.915511864321
23,160,1490,45.76691151335473,32.556271566745764
23,161,8375,45.65691634536182,183.43332555902666
23,162,1067,19.54395974116562,54.59487300071378
23,163,772,24.67940071660441,31.281148552387457
23,164,1121,46.6765158463714,24.016359826204674
23,165,493,27.74016520604112,17.772064309575086
23,166,984,48.04217249541427,20.482004640691986
23,167,305,30.22180759860956,10.092050219194448
23,168,9509,63.77332303561324,149.10623356869525
23,169,201,102.3674734785826,1.963514319243733
23,16A,12639,1.993345599476001,6340.5964341168265
23,17,15780,2.5188241364303656,6264.82800913729
23,170,1599,110.52642564385698,14.467128477965684
23,170A,134,63.664353502415366,2.104788513951
23,171,2710,190.86724626270876,14.198350178269816
23,172,542,333.0685358174146,1.6272927092012073
23,173,450,210.8988379305812,2.1337244169553964
23,174,361,169.337995001635,2.1318310754566006
23,175,1223,58.270619225603625,20.98827876300693
23,176,809,38.632496342367276,20.940919603810077
23,177,1765,58.87907093722633,29.976695825953964
23,178,2013,72.87143985258002,27.623991018598343
23,179,331,11.177799345887909,29.61226890530723
23,17A,11971,3.6646668492531744,3266.5998008630936
23,18,16742,2.791921618189748,5996.586684570082
23,180,4581,28.16959607606574,162.6221401126955
23,181,2104,99.70963728066837,21.1012702220302
23,182,77,351.06583001441254,0.21933208366316614
23,183,1142,127.8110030334012,8.935067974558951
23,184,5644,48.87247359082887,115.48423039220019
23,185,88,56.622731612736516,1.5541461440232882
23,186,548,115.51463266807941,4.743987729888968
23,187,1386,145.13426086929607,9.549778196398393
23,188,3091,140.21069135858906,22.045394470631077
23,189,565,81.8788996431335,6.9004346963935035
23,18A,3895,1.1718594979933035,3323.777301519348
23,18B,10402,1.8339251551507418,5671.987196852096
23,18C,9970,1.492274409220365,6681.076843774867
23,18D,5525,0.5823064714842939,9488.13085644888
23,18E,10326,1.2379456089385916,8341.238843969455
23,18F,5788,0.9540882347351528,6066.52486560292
23,18G,8642,6.281863288701887,1375.7064747879642
23,19,15237,2.4812452768744033,6140.868112480148
23,190,1432,337.7488382535117,4.239836937426123
23,191,46,25.40782724020954,1.8104657106295972
23,192,69,52.23301623117687,1.3210035525157984
23,193,4359,444.0345927125005,9.816802725598286
23,194,2668,191.60000600228054,13.92484298757404
23,195,481,87.82995984906533,5.47649117484048
23,196,2668,166.21654441581322,16.051350419881405
23,197,718,191.3823954575906,3.7516512335592815
23,198,4168,456.5962010138558,9.12841585353777
23,199,348,226.05616056592282,1.5394404608518322
23,19A,10887,1.338071632120491,8136.33570778791
23,1A,5299,0.680357919538491,7788.547539204783
23,2,3703,0.6917352402607472,5353.204209466279
23,20,25492,4.643337432416898,5490.016689726379
23,200,212,156.11214500765803,1.357998123653995
23,201,227,127.69036699401141,1.7777378618595883
23,202,218,316.49917878760056,0.6887853574694348
23,203,922,98.0494577879742,9.403417630251123
23,204,458,206.38776323083843,2.2191238125282697
23,204A,86,151.5121500576601,0.5676112441627386
23,205,391,167.93532606675555,2.3282772550462347
23,206,1393,142.56469781054503,9.771002368701156
23,207,6287,264.91580227663434,23.73206862697792
23,208,1517,215.72259816653937,7.032179349281086
23,209,1010,41.70985877937872,24.21489857691252
23,21,22594,4.352400216598652,5191.158642496562
23,210,119,113.29353572567248,1.0503688426508735
23,211,47,340.34489764362706,0.13809520966937897
23,212,817,48.06412564012264,16.998124674465945
23,213,14953,39.801088443715585,375.6932431922226
23,214,12387,2.6076475819391343,4750.258465060148
23,215,7666,3.134153016187601,2445.9558803944296
23,215A,15094,20.011931555314654,754.2500312015819
23,216,11922,5.311644752940638,2244.5025137269827
23,216A,7776,2.6419883910414375,2943.237762272983
23,216B,6028,9.224436676400666,653.4816392009857
23,216C,4178,4.861787020493577,859.3547974003686
23,217,221,258.1346809113447,0.8561422247477919
23,218,118,252.7519735704441,0.46686084517204535
23,219,1578,179.3251839793663,8.799656383910747
23,219A,567,53.03313361459578,10.691429326438108
23,22,7954,5.764775416678318,1379.7588674465865
23,220,132,19.07855628961173,6.918762509921884
23,221,840,79.51020471302913,10.56468164095107
23,222,1033,91.47972392637482,11.292119779803713
23,223,10048,13.741365685207722,731.2228078477274
23,223A,8805,9.373042037227926,939.3961922957593
23,223B,7534,11.646160239670815,646.9084955860914
23,224,11194,3.3396318618854903,3351.866452034653
23,225,2235,79.82807046323619,27.997670331131218
23,226,5017,78.7808134045047,63.683018531935176
23,227,9529,9.584745186812194,994.1839677815436
23,227A,14288,16.78924794059033,851.0208468276167
23,228,20925,3.6847197553359474,5678.8579293439925
23,228A,12188,3.0208918362877637,4034.57014037857
23,228B,6292,11.934513608140254,527.2104257108872
23,228C,215,4.312981619837007,49.84950527290332
23,228D,5835,7.9777660496952905,731.4077604748596
23,229,10963,2.7179977137135105,4033.4838931934255
23,23,2824,59.94048954621715,47.11339565924888
23,230,1014,589.7986487378837,1.7192307954076687
23,231,362,281.2360515951921,1.287174947687925
23,232,3114,878.6863620389577,3.543926632449471
23,233,8593,401.7438863480415,21.389248951894825
23,234,3662,307.67456911060435,11.902186165680682
23,24,14317,23.95263324951423,597.7213382286625
23,25,12184,67.63257614833263,180.14987294403653
23,26,1246,19.73080395917279,63.14998631471063
23,27,18930,83.1172935340929,227.75043790658714
23,28,3370,15.525187803603394,217.0666173337899
23,29,6382,64.49412303670597,98.95475276666325
23,2A,4255,0.6588326432338174,6458.3928008101375
23,3,7108,0.825212728698181,8613.536549797609
23,30,282,282.27717346956365,0.999018080469785
23,31,46,1.3297177595035525,34.59380734839099
23,32,707,6.941146828148548,101.85636718314201
23,33,779,13.39945035856035,58.13671301094298
23,34,26606,45.42532208527838,585.7085603058955
23,35,1989,29.810910344661707,66.72053878945611
23,36,687,127.55379656016159,5.38596277434966
23,37,192,29.02121552681904,6.615849698733991
23,38,355,168.74151058224965,2.103809541440382
23,39,1321,12.42256621931721,106.33873683408765
23,4,6463,0.8591457934945118,7522.588190430668
23,40,559,26.497943625478474,21.095976650146795
23,41,24806,25.277187811953123,981.359167979505
23,42,357,41.46475729771577,8.609721200988835
23,43,3502,22.36583607676873,156.57809473250626
23,44,949,31.374672030835292,30.24732813357586
23,45,5391,107.79607799707514,50.011095952361785
23,46,93,170.61182694433484,0.5450970291194579
23,47,836,179.20478469513642,4.6650540130510745
23,48,1016,120.39200148680598,8.43909883923099
23,49,1157,11.926464473364257,97.0111471495986
23,5,11174,0.8436871959269732,13244.245087449668
23,50,1624,27.157372801206904,59.79959887459466
23,51,4267,31.99451332285985,133.36661686149978
23,52,5511,252.6696382741003,21.81108912667051
23,53,633,63.01763212427597,10.044807757163452
23,54,5326,23.336361021212284,228.2275284976425
23,55,372,19.12736557917248,19.44857478988458
23,56,897,12.914270210839872,69.4580479853274
23,56A,407,8.156702125136686,49.89761716879905
23,57,884,17.413604048044448,50.764907572322656
23,58,1132,22.057463976389332,51.32049637309671
23,59,732,12.935421317585805,56.58880233029908
23,6,5163,0.8378460963304787,6162.229582034735
23,60,18393,5.765712000253389,3190.065684722316
23,60A,11031,3.4052203311464915,3239.4379591543234
23,60B,8408,7.124065165658212,1180.2250266506596
23,61,5946,4.963757893841887,1197.8827588220404
23,61A,2429,2.7274684932688986,890.569407490687
23,62,4487,51.71123723927315,86.77030834203782
23,63,851,272.7815991710256,3.1197118962062005
23,64,1181,191.9549909940481,6.152483943679375
23,65,2175,533.4934273527042,4.076901210934807
23,66,861,29.149952716783027,29.536926126960097
23,67,4185,16.2920211620206,256.87420599206735
23,68,741,26.01188017307717,28.486983450237105
23,69,2412,36.77660049418954,65.58518100064958
23,7,4709,0.8932146136661581,5271.969275863196
23,70,4912,40.86206057401725,120.20930738679802
23,71,2962,59.407013566882185,49.85943278675829
23,72,30215,22.659242101270802,1333.4514837239612
23,73,1543,38.08796952669079,40.51147958724123
23,74,1267,9.460056245130243,133.93155042309755
23,75,4719,64.68712306729076,72.95114972250447
23,76,926,167.1268354813428,5.540702050230431
23,77,10181,248.72705424558472,40.93241899591519
23,78,1732,25.1721994890257,68.8060652290277
23,79,1179,35.971712017084045,32.77575444393799
23,7A,6009,1.074362715807505,5593.083147420614
23,8,4437,0.8543693395520553,5193.304341101839
23,80,22371,113.44622327868544,197.1947531919568
23,81,785,3.9179384206629773,200.36047423817487
23,82,2894,47.107751746596904,61.433625946902986
23,83,726,164.81113358755198,4.405042209204452
23,84,563,410.4057940970476,1.3718129911851802
23,85,594,12.226587252200611,48.58264925014856
23,86,795,72.2375886013405,11.005350751495701
23,87,1200,162.6182866380874,7.379243901829081
23,88,1610,58.6892510100681,27.432621345326176
23,89,1148,44.579144898994834,25.751952008076426
23,8A,7292,1.1108440418038303,6564.377829455678
23,9,11170,1.4585848827873058,7658.1076163730095
23,90,1479,45.19263769963503,32.726569531743536
23,91,8937,280.86420421557307,31.819647594324767
23,92,734,189.65558232206425,3.8701734534423324
23,93,956,91.49799044308817,10.448316901502146
23,94,1598,85.17512622907843,18.76134583824602
23,95,121,97.42078771655184,1.2420347118527972
23,96,3155,507.3781927979793,6.218241234613355
23,97,572,178.94616252028567,3.196492128939379
23,98,4470,213.85162517175257,20.90234290438508
23,99,367,218.68767433682333,1.6781924317999999
23,9A,10564,1.518753456023021,6955.7043364119745
24,101,6113,15.563034994086202,392.78970986847224
24,102,5081,1.1251526971035317,4515.831507207833
24,103,6909,18.167914611177952,380.2858031790387
24,104,7896,10.949233328236321,721.1463819697293
24,105,7196,19.388858562094356,371.14098165986616
24,106,5563,0.9603670815283513,5792.5767209210335
24,107,4244,10.85676982319326,390.90816781742626
24,108,3126,0.7831370188885366,3991.6386591411047
24,109,2707,0.4228699546645765,6401.4952354494235
24,110,3009,4.949336478600042,607.9602817489424
24,111,6810,2.358242712393576,2887.7434728030885
24,112,5188,14.18145737314022,365.8298201302011
24,113,4267,10.708130680453756,398.4822493611169
24,114,232,539.0273566840625,0.4304048711501317
24,115,12,5414.26397269084,0.0022163677390919876
24,116,49,766.642487293697,0.06391505925137742
24,117,1,365.02933607082764,0.0027395058456506282
24,201,1740,9.162390396676157,189.90677374227803
24,202,997,7.243770084298696,137.63551139772605
24,203,5654,4.152579748960094,1361.5632550864068
24,204,3600,1.610698577844862,2235.0550559353273
24,205,1932,1.7161882248079903,1125.7506444062421
24,206,7554,1.5785161925894458,4785.506816758205
24,207,4113,1.0288810839226001,3997.5465233739387
24,208,2318,1.544883590007411,1500.4366769077276
24,209,4238,1.2803403706564203,3310.0573075167595
24,210,4065,0.7277534335629812,5585.683024672679
24,211,11357,1.2622767399553778,8997.234632083513
24,212,3130,1.3948950340300696,2243.8964392589032
24,213,6,6.684246983833268,0.8976328993395651
24,214,9823,3.307091779066693,2970.2834563521506
24,215,267,5.363046648615538,49.78513473660082
24,216,4,0.7675857304363791,5.211144294886729
24,217,976,2.2677777154292103,430.37727787852333
24,218,7216,2.7585275417041117,2615.8883284312737
24,219,7879,2.4272820134807684,3246.017544002382
24,220,1245,5.416263042248756,229.86328217233213
24,222,117,254.2141741063685,0.46024184297074155
24,223,41,636.1282626047317,0.06445241063825519
24,224,11,862.2375050648498,0.01275750583265649
24,225,42,1644.253016765971,0.025543514028399633
24,226,19,1635.8160997866817,0.011614997555335035
24,227,18,309.2251928587965,0.05821000492744282
24,228,15,504.18915084821936,0.029750739330199484
24,229,9,682.2078310795885,0.013192460698901055
24,301,26,567.7901487618309,0.04579156587464172
24,302,49,5.007727653691552,9.784877171560762
24,303,53,12.819427686198425,4.134349933348471
24,304,29,1.1619159686747573,24.958775661785968
24,306,25,0.09171131656971743,272.59449471533225
24,307,27,588.8791880981036,0.04584981188960268
24,309,30,0.7898573696110419,37.98154091386554
24,401,4,12087.962147796788,0.00033090772051507953
24,501,3147,222.8084725692434,14.124238471326487
24,502,2787,764.9937656910076,3.6431669446123442
24,503,107,3737.992973901574,0.028624986924017007
24,504,47,1727.850151463811,0.02720143292529288
